-- phpMyAdmin SQL Dump
-- version 4.6.6deb4
-- https://www.phpmyadmin.net/
--
-- Anamakine: localhost:3306
-- Üretim Zamanı: 02 Ara 2018, 18:29:43
-- Sunucu sürümü: 5.7.20-0ubuntu0.17.04.1
-- PHP Sürümü: 7.0.22-0ubuntu0.17.04.1

SET SQL_MODE = "NO_AUTO_VALUE_ON_ZERO";
SET time_zone = "+00:00";


/*!40101 SET @OLD_CHARACTER_SET_CLIENT=@@CHARACTER_SET_CLIENT */;
/*!40101 SET @OLD_CHARACTER_SET_RESULTS=@@CHARACTER_SET_RESULTS */;
/*!40101 SET @OLD_COLLATION_CONNECTION=@@COLLATION_CONNECTION */;
/*!40101 SET NAMES utf8mb4 */;

--
-- Veritabanı: `project`
--

-- --------------------------------------------------------

--
-- Tablo için tablo yapısı `answers`
--

CREATE TABLE `answers` (
  `id` int(11) NOT NULL,
  `text` varchar(100) CHARACTER SET utf8 NOT NULL,
  `question_id` int(11) NOT NULL
) ENGINE=InnoDB DEFAULT CHARSET=latin1;

--
-- Tablo döküm verisi `answers`
--

INSERT INTO `answers` (`id`, `text`, `question_id`) VALUES
(4, 'some random answer 0', 20),
(5, 'some random answer 1', 20),
(6, 'some random answer 2', 20),
(7, 'some random answer 3', 20),
(8, 'some random answer 4', 20),
(9, 'some random answer 0', 21),
(10, 'some random answer 1', 21),
(11, 'some random answer 2', 21),
(12, 'some random answer 0', 22),
(13, 'some random answer 1', 22),
(14, 'some random answer 0', 23),
(15, 'some random answer 1', 23),
(16, 'some random answer 0', 24),
(17, 'some random answer 1', 24),
(18, 'some random answer 2', 24),
(19, 'some random answer 0', 25),
(20, 'some random answer 1', 25),
(21, 'some random answer 2', 25),
(22, 'some random answer 0', 26),
(23, 'some random answer 1', 26),
(24, 'some random answer 2', 26),
(25, 'some random answer 3', 26),
(26, 'some random answer 4', 26),
(27, 'some random answer 0', 27),
(28, 'some random answer 1', 27),
(29, 'some random answer 2', 27),
(30, 'some random answer 3', 27),
(31, 'some random answer 4', 27),
(32, 'some random answer 0', 28),
(33, 'some random answer 1', 28),
(34, 'some random answer 2', 28),
(35, 'some random answer 3', 28),
(36, 'some random answer 0', 29),
(37, 'some random answer 1', 29),
(38, 'some random answer 2', 29),
(39, 'some random answer 3', 29),
(40, 'some random answer 0', 30),
(41, 'some random answer 1', 30),
(42, 'some random answer 2', 30),
(43, 'some random answer 0', 31),
(44, 'some random answer 1', 31),
(45, 'some random answer 2', 31),
(46, 'some random answer 3', 31),
(47, 'some random answer 4', 31),
(48, 'some random answer 0', 32),
(49, 'some random answer 1', 32),
(50, 'some random answer 2', 32),
(51, 'some random answer 3', 32),
(52, 'some random answer 0', 33),
(53, 'some random answer 1', 33),
(54, 'some random answer 2', 33),
(55, 'some random answer 3', 33),
(56, 'some random answer 0', 34),
(57, 'some random answer 1', 34),
(58, 'some random answer 2', 34),
(59, 'some random answer 3', 34),
(60, 'some random answer 0', 35),
(61, 'some random answer 1', 35),
(62, 'some random answer 2', 35),
(63, 'some random answer 3', 35),
(64, 'Some Answer', 36),
(65, 'Another', 36),
(66, 'Another one', 36),
(67, 'Another One 2', 36);

-- --------------------------------------------------------

--
-- Tablo için tablo yapısı `questions`
--

CREATE TABLE `questions` (
  `id` int(11) NOT NULL,
  `text` varchar(200) NOT NULL
) ENGINE=InnoDB DEFAULT CHARSET=utf8;

--
-- Tablo döküm verisi `questions`
--

INSERT INTO `questions` (`id`, `text`) VALUES
(20, 'Thats is some random question for testting witch number is 0'),
(21, 'Thats is some random question for testting witch number is 1'),
(22, 'Thats is some random question for testting witch number is 2'),
(23, 'Thats is some random question for testting witch number is 3'),
(24, 'Thats is some random question for testting witch number is 4'),
(25, 'Thats is some random question for testting witch number is 5'),
(26, 'Thats is some random question for testting witch number is 6'),
(27, 'Thats is some random question for testting witch number is 7'),
(28, 'Thats is some random question for testting witch number is 8'),
(29, 'Thats is some random question for testting witch number is 9'),
(30, 'Thats is some random question for testting witch number is 10'),
(31, 'Thats is some random question for testting witch number is 11'),
(32, 'Thats is some random question for testting witch number is 12'),
(33, 'Thats is some random question for testting witch number is 13'),
(34, 'Thats is some random question for testting witch number is 14'),
(35, 'Thats is some random question for testting witch number is 15'),
(36, 'Some Question Here ?');

-- --------------------------------------------------------

--
-- Tablo için tablo yapısı `users`
--

CREATE TABLE `users` (
  `id` int(11) NOT NULL,
  `firstname` varchar(50) NOT NULL,
  `lastname` varchar(50) NOT NULL,
  `email` varchar(50) NOT NULL,
  `password` varchar(100) NOT NULL
) ENGINE=InnoDB DEFAULT CHARSET=utf8;

--
-- Tablo döküm verisi `users`
--

INSERT INTO `users` (`id`, `firstname`, `lastname`, `email`, `password`) VALUES
(2, 'ethem', 'Çalışkan', 'ethem.caliskan@stu.bahcesehir.edu.tr', '45bbc3a455e44acf07455c406b628276'),
(3, 'Allison', 'Lorenzo', 'allison.lorenzo@sample.com', '63bed66f3d9dcd13440490d90738f816'),
(4, 'Arthur', 'Hanna', 'arthur.hanna@sample.com', '63bed66f3d9dcd13440490d90738f816'),
(5, 'Ana', 'Lili', 'ana.lili@sample.com', '63bed66f3d9dcd13440490d90738f816'),
(6, 'Alex', 'Sam', 'alex.sam@sample.com', '63bed66f3d9dcd13440490d90738f816'),
(7, 'Arlene', 'Rita', 'arlene.rita@sample.com', '63bed66f3d9dcd13440490d90738f816'),
(8, 'Alberto', 'Nanaho', 'alberto.nanaho@sample.com', '63bed66f3d9dcd13440490d90738f816'),
(9, 'Barry', 'Tomas', 'barry.tomas@sample.com', '63bed66f3d9dcd13440490d90738f816'),
(10, 'Bertha', 'Florence', 'bertha.florence@sample.com', '63bed66f3d9dcd13440490d90738f816'),
(11, 'Bill', 'Jeanne', 'bill.jeanne@sample.com', '63bed66f3d9dcd13440490d90738f816'),
(12, 'Bonnie', 'Nicole', 'bonnie.nicole@sample.com', '63bed66f3d9dcd13440490d90738f816'),
(13, 'Bret', 'William', 'bret.william@sample.com', '63bed66f3d9dcd13440490d90738f816'),
(14, 'Beryl', 'Nate', 'beryl.nate@sample.com', '63bed66f3d9dcd13440490d90738f816'),
(15, 'Chantal', 'Bret', 'chantal.bret@sample.com', '63bed66f3d9dcd13440490d90738f816'),
(16, 'Cristobal', 'Edouard', 'cristobal.edouard@sample.com', '63bed66f3d9dcd13440490d90738f816'),
(17, 'Claudette', 'Gustav', 'claudette.gustav@sample.com', '63bed66f3d9dcd13440490d90738f816'),
(18, 'Charley', 'Vicky', 'charley.vicky@sample.com', '63bed66f3d9dcd13440490d90738f816'),
(19, 'Cindy', 'Danny', 'cindy.danny@sample.com', '63bed66f3d9dcd13440490d90738f816'),
(20, 'Chris', 'Van', 'chris.van@sample.com', '63bed66f3d9dcd13440490d90738f816'),
(21, 'Dean', 'Sandy', 'dean.sandy@sample.com', '63bed66f3d9dcd13440490d90738f816'),
(22, 'Dolly', 'Lili', 'dolly.lili@sample.com', '63bed66f3d9dcd13440490d90738f816'),
(23, 'Danny', 'Jose', 'danny.jose@sample.com', '63bed66f3d9dcd13440490d90738f816'),
(24, 'Danielle', 'Rafael', 'danielle.rafael@sample.com', '63bed66f3d9dcd13440490d90738f816'),
(25, 'Dennis', 'Van', 'dennis.van@sample.com', '63bed66f3d9dcd13440490d90738f816'),
(26, 'Debby', 'Larry', 'debby.larry@sample.com', '63bed66f3d9dcd13440490d90738f816'),
(27, 'Erin', 'Michelle', 'erin.michelle@sample.com', '63bed66f3d9dcd13440490d90738f816'),
(28, 'Edouard', 'Vicky', 'edouard.vicky@sample.com', '63bed66f3d9dcd13440490d90738f816'),
(29, 'Erika', 'Fabian', 'erika.fabian@sample.com', '63bed66f3d9dcd13440490d90738f816'),
(30, 'Earl', 'Wilfred', 'earl.wilfred@sample.com', '63bed66f3d9dcd13440490d90738f816'),
(31, 'Emily', 'Kumiko', 'emily.kumiko@sample.com', '63bed66f3d9dcd13440490d90738f816'),
(32, 'Ernesto', 'Nicholas', 'ernesto.nicholas@sample.com', '63bed66f3d9dcd13440490d90738f816'),
(33, 'Felix', 'Rebekah', 'felix.rebekah@sample.com', '63bed66f3d9dcd13440490d90738f816'),
(34, 'Fay', 'Gert', 'fay.gert@sample.com', '63bed66f3d9dcd13440490d90738f816'),
(35, 'Fabian', 'Wilma', 'fabian.wilma@sample.com', '63bed66f3d9dcd13440490d90738f816'),
(36, 'Frances', 'Beryl', 'frances.beryl@sample.com', '63bed66f3d9dcd13440490d90738f816'),
(37, 'Franklin', 'Akane', 'franklin.akane@sample.com', '63bed66f3d9dcd13440490d90738f816'),
(38, 'Florence', 'Lee', 'florence.lee@sample.com', '63bed66f3d9dcd13440490d90738f816'),
(39, 'Gabielle', 'Miwa', 'gabielle.miwa@sample.com', '63bed66f3d9dcd13440490d90738f816'),
(40, 'Gustav', 'Sam', 'gustav.sam@sample.com', '63bed66f3d9dcd13440490d90738f816'),
(41, 'Grace', 'Stan', 'grace.stan@sample.com', '63bed66f3d9dcd13440490d90738f816'),
(42, 'Gaston', 'Helene', 'gaston.helene@sample.com', '63bed66f3d9dcd13440490d90738f816'),
(43, 'Gert', 'Fay', 'gert.fay@sample.com', '63bed66f3d9dcd13440490d90738f816'),
(44, 'Gordon', 'Nana', 'gordon.nana@sample.com', '63bed66f3d9dcd13440490d90738f816'),
(45, 'Humberto', 'Michiyo', 'humberto.michiyo@sample.com', '63bed66f3d9dcd13440490d90738f816'),
(46, 'Hanna', 'Gordon', 'hanna.gordon@sample.com', '63bed66f3d9dcd13440490d90738f816'),
(47, 'Henri', 'Shary', 'henri.shary@sample.com', '63bed66f3d9dcd13440490d90738f816'),
(48, 'Hermine', 'Claudette', 'hermine.claudette@sample.com', '63bed66f3d9dcd13440490d90738f816'),
(49, 'Harvey', 'Arlene', 'harvey.arlene@sample.com', '63bed66f3d9dcd13440490d90738f816'),
(50, 'Helene', 'William', 'helene.william@sample.com', '63bed66f3d9dcd13440490d90738f816'),
(51, 'Iris', 'Miharu', 'iris.miharu@sample.com', '63bed66f3d9dcd13440490d90738f816'),
(52, 'Isidore', 'Tammy', 'isidore.tammy@sample.com', '63bed66f3d9dcd13440490d90738f816'),
(53, 'Isabel', 'Gert', 'isabel.gert@sample.com', '63bed66f3d9dcd13440490d90738f816'),
(54, 'Ivan', 'Frances', 'ivan.frances@sample.com', '63bed66f3d9dcd13440490d90738f816'),
(55, 'Irene', 'Joyce', 'irene.joyce@sample.com', '63bed66f3d9dcd13440490d90738f816'),
(56, 'Isaac', 'Ana', 'isaac.ana@sample.com', '63bed66f3d9dcd13440490d90738f816'),
(57, 'Jerry', 'Sally', 'jerry.sally@sample.com', '63bed66f3d9dcd13440490d90738f816'),
(58, 'Josephine', 'Nanaho', 'josephine.nanaho@sample.com', '63bed66f3d9dcd13440490d90738f816'),
(59, 'Juan', 'Vince', 'juan.vince@sample.com', '63bed66f3d9dcd13440490d90738f816'),
(60, 'Jeanne', 'Yumi', 'jeanne.yumi@sample.com', '63bed66f3d9dcd13440490d90738f816'),
(61, 'Jose', 'Rafael', 'jose.rafael@sample.com', '63bed66f3d9dcd13440490d90738f816'),
(62, 'Joyce', 'Paloma', 'joyce.paloma@sample.com', '63bed66f3d9dcd13440490d90738f816'),
(63, 'Karen', 'Kyle', 'karen.kyle@sample.com', '63bed66f3d9dcd13440490d90738f816'),
(64, 'Kyle', 'Hanna', 'kyle.hanna@sample.com', '63bed66f3d9dcd13440490d90738f816'),
(65, 'Kate', 'Nanaho', 'kate.nanaho@sample.com', '63bed66f3d9dcd13440490d90738f816'),
(66, 'Karl', 'Frances', 'karl.frances@sample.com', '63bed66f3d9dcd13440490d90738f816'),
(67, 'Katrina', 'Jerry', 'katrina.jerry@sample.com', '63bed66f3d9dcd13440490d90738f816'),
(68, 'Kirk', 'Wilma', 'kirk.wilma@sample.com', '63bed66f3d9dcd13440490d90738f816'),
(69, 'Lorenzo', 'Shary', 'lorenzo.shary@sample.com', '63bed66f3d9dcd13440490d90738f816'),
(70, 'Lili', 'Hermine', 'lili.hermine@sample.com', '63bed66f3d9dcd13440490d90738f816'),
(71, 'Larry', 'Mindy', 'larry.mindy@sample.com', '63bed66f3d9dcd13440490d90738f816'),
(72, 'Lisa', 'Jose', 'lisa.jose@sample.com', '63bed66f3d9dcd13440490d90738f816'),
(73, 'Lee', 'Philippe', 'lee.philippe@sample.com', '63bed66f3d9dcd13440490d90738f816'),
(74, 'Leslie', 'Sandy', 'leslie.sandy@sample.com', '63bed66f3d9dcd13440490d90738f816'),
(75, 'Michelle', 'Kaori', 'michelle.kaori@sample.com', '63bed66f3d9dcd13440490d90738f816'),
(76, 'Marco', 'Lee', 'marco.lee@sample.com', '63bed66f3d9dcd13440490d90738f816'),
(77, 'Mindy', 'Youko', 'mindy.youko@sample.com', '63bed66f3d9dcd13440490d90738f816'),
(78, 'Maria', 'Oscar', 'maria.oscar@sample.com', '63bed66f3d9dcd13440490d90738f816'),
(79, 'Michael', 'Omar', 'michael.omar@sample.com', '63bed66f3d9dcd13440490d90738f816'),
(80, 'Noel', 'Allison', 'noel.allison@sample.com', '63bed66f3d9dcd13440490d90738f816'),
(81, 'Nana', 'Kyle', 'nana.kyle@sample.com', '63bed66f3d9dcd13440490d90738f816'),
(82, 'Nicholas', 'Karen', 'nicholas.karen@sample.com', '63bed66f3d9dcd13440490d90738f816'),
(83, 'Nicole', 'Tammy', 'nicole.tammy@sample.com', '63bed66f3d9dcd13440490d90738f816'),
(84, 'Nate', 'Sally', 'nate.sally@sample.com', '63bed66f3d9dcd13440490d90738f816'),
(85, 'Nadine', 'Patty', 'nadine.patty@sample.com', '63bed66f3d9dcd13440490d90738f816'),
(86, 'Olga', 'Dean', 'olga.dean@sample.com', '63bed66f3d9dcd13440490d90738f816'),
(87, 'Omar', 'Shary', 'omar.shary@sample.com', '63bed66f3d9dcd13440490d90738f816'),
(88, 'Odette', 'Henri', 'odette.henri@sample.com', '63bed66f3d9dcd13440490d90738f816'),
(89, 'Otto', 'Mieko', 'otto.mieko@sample.com', '63bed66f3d9dcd13440490d90738f816'),
(90, 'Ophelia', 'Lisa', 'ophelia.lisa@sample.com', '63bed66f3d9dcd13440490d90738f816'),
(91, 'Oscar', 'Erika', 'oscar.erika@sample.com', '63bed66f3d9dcd13440490d90738f816'),
(92, 'Pablo', 'Richard', 'pablo.richard@sample.com', '63bed66f3d9dcd13440490d90738f816'),
(93, 'Paloma', 'Bill', 'paloma.bill@sample.com', '63bed66f3d9dcd13440490d90738f816'),
(94, 'Peter', 'Oscar', 'peter.oscar@sample.com', '63bed66f3d9dcd13440490d90738f816'),
(95, 'Paula', 'Naoko', 'paula.naoko@sample.com', '63bed66f3d9dcd13440490d90738f816'),
(96, 'Philippe', 'Miyuki', 'philippe.miyuki@sample.com', '63bed66f3d9dcd13440490d90738f816'),
(97, 'Patty', 'Wanda', 'patty.wanda@sample.com', '63bed66f3d9dcd13440490d90738f816'),
(98, 'Rebekah', 'Henri', 'rebekah.henri@sample.com', '63bed66f3d9dcd13440490d90738f816'),
(99, 'Rene', 'Tammy', 'rene.tammy@sample.com', '63bed66f3d9dcd13440490d90738f816'),
(100, 'Rose', 'Marco', 'rose.marco@sample.com', '63bed66f3d9dcd13440490d90738f816'),
(101, 'Richard', 'Paloma', 'richard.paloma@sample.com', '63bed66f3d9dcd13440490d90738f816'),
(102, 'Rita', 'Franklin', 'rita.franklin@sample.com', '63bed66f3d9dcd13440490d90738f816'),
(103, 'Rafael', 'Reina', 'rafael.reina@sample.com', '63bed66f3d9dcd13440490d90738f816'),
(104, 'Sebastien', 'Fay', 'sebastien.fay@sample.com', '63bed66f3d9dcd13440490d90738f816'),
(105, 'Sally', 'Hitomi', 'sally.hitomi@sample.com', '63bed66f3d9dcd13440490d90738f816'),
(106, 'Sam', 'Virginie', 'sam.virginie@sample.com', '63bed66f3d9dcd13440490d90738f816'),
(107, 'Shary', 'Sally', 'shary.sally@sample.com', '63bed66f3d9dcd13440490d90738f816'),
(108, 'Stan', 'Kaori', 'stan.kaori@sample.com', '63bed66f3d9dcd13440490d90738f816'),
(109, 'Sandy', 'Isaac', 'sandy.isaac@sample.com', '63bed66f3d9dcd13440490d90738f816'),
(110, 'Tanya', 'Franklin', 'tanya.franklin@sample.com', '63bed66f3d9dcd13440490d90738f816'),
(111, 'Teddy', 'Kaori', 'teddy.kaori@sample.com', '63bed66f3d9dcd13440490d90738f816'),
(112, 'Teresa', 'Victor', 'teresa.victor@sample.com', '63bed66f3d9dcd13440490d90738f816'),
(113, 'Tomas', 'Patty', 'tomas.patty@sample.com', '63bed66f3d9dcd13440490d90738f816'),
(114, 'Tammy', 'Rebekah', 'tammy.rebekah@sample.com', '63bed66f3d9dcd13440490d90738f816'),
(115, 'Tony', 'Lorenzo', 'tony.lorenzo@sample.com', '63bed66f3d9dcd13440490d90738f816'),
(116, 'Van', 'Gabielle', 'van.gabielle@sample.com', '63bed66f3d9dcd13440490d90738f816'),
(117, 'Vicky', 'Vicky', 'vicky.vicky@sample.com', '63bed66f3d9dcd13440490d90738f816'),
(118, 'Victor', 'Dean', 'victor.dean@sample.com', '63bed66f3d9dcd13440490d90738f816'),
(119, 'Virginie', 'Nicole', 'virginie.nicole@sample.com', '63bed66f3d9dcd13440490d90738f816'),
(120, 'Vince', 'Tammy', 'vince.tammy@sample.com', '63bed66f3d9dcd13440490d90738f816'),
(121, 'Valerie', 'Oscar', 'valerie.oscar@sample.com', '63bed66f3d9dcd13440490d90738f816'),
(122, 'Wendy', 'Tanya', 'wendy.tanya@sample.com', '63bed66f3d9dcd13440490d90738f816'),
(123, 'Wilfred', 'Jose', 'wilfred.jose@sample.com', '63bed66f3d9dcd13440490d90738f816'),
(124, 'Wanda', 'Rose', 'wanda.rose@sample.com', '63bed66f3d9dcd13440490d90738f816'),
(125, 'Walter', 'Hanna', 'walter.hanna@sample.com', '63bed66f3d9dcd13440490d90738f816'),
(126, 'Wilma', 'Iris', 'wilma.iris@sample.com', '63bed66f3d9dcd13440490d90738f816'),
(127, 'William', 'Odette', 'william.odette@sample.com', '63bed66f3d9dcd13440490d90738f816'),
(128, 'Kumiko', 'Cristobal', 'kumiko.cristobal@sample.com', '63bed66f3d9dcd13440490d90738f816'),
(129, 'Aki', 'Paula', 'aki.paula@sample.com', '63bed66f3d9dcd13440490d90738f816'),
(130, 'Miharu', 'Hermine', 'miharu.hermine@sample.com', '63bed66f3d9dcd13440490d90738f816'),
(131, 'Chiaki', 'Ophelia', 'chiaki.ophelia@sample.com', '63bed66f3d9dcd13440490d90738f816'),
(132, 'Michiyo', 'Fay', 'michiyo.fay@sample.com', '63bed66f3d9dcd13440490d90738f816'),
(133, 'Itoe', 'Nicholas', 'itoe.nicholas@sample.com', '63bed66f3d9dcd13440490d90738f816'),
(134, 'Nanaho', 'Lili', 'nanaho.lili@sample.com', '63bed66f3d9dcd13440490d90738f816'),
(135, 'Reina', 'Kate', 'reina.kate@sample.com', '63bed66f3d9dcd13440490d90738f816'),
(136, 'Emi', 'Larry', 'emi.larry@sample.com', '63bed66f3d9dcd13440490d90738f816'),
(137, 'Yumi', 'Fabian', 'yumi.fabian@sample.com', '63bed66f3d9dcd13440490d90738f816'),
(138, 'Ayumi', 'Cristobal', 'ayumi.cristobal@sample.com', '63bed66f3d9dcd13440490d90738f816'),
(139, 'Kaori', 'Irene', 'kaori.irene@sample.com', '63bed66f3d9dcd13440490d90738f816'),
(140, 'Sayuri', 'Odette', 'sayuri.odette@sample.com', '63bed66f3d9dcd13440490d90738f816'),
(141, 'Rie', 'Helene', 'rie.helene@sample.com', '63bed66f3d9dcd13440490d90738f816'),
(142, 'Miyuki', 'Gustav', 'miyuki.gustav@sample.com', '63bed66f3d9dcd13440490d90738f816'),
(143, 'Hitomi', 'Isidore', 'hitomi.isidore@sample.com', '63bed66f3d9dcd13440490d90738f816'),
(144, 'Naoko', 'Miwa', 'naoko.miwa@sample.com', '63bed66f3d9dcd13440490d90738f816'),
(145, 'Miwa', 'Reina', 'miwa.reina@sample.com', '63bed66f3d9dcd13440490d90738f816'),
(146, 'Etsuko', 'Victor', 'etsuko.victor@sample.com', '63bed66f3d9dcd13440490d90738f816'),
(147, 'Akane', 'Earl', 'akane.earl@sample.com', '63bed66f3d9dcd13440490d90738f816'),
(148, 'Kazuko', 'Patty', 'kazuko.patty@sample.com', '63bed66f3d9dcd13440490d90738f816'),
(149, 'Miyako', 'Yumi', 'miyako.yumi@sample.com', '63bed66f3d9dcd13440490d90738f816'),
(150, 'Youko', 'Teddy', 'youko.teddy@sample.com', '63bed66f3d9dcd13440490d90738f816'),
(151, 'Sachiko', 'Jerry', 'sachiko.jerry@sample.com', '63bed66f3d9dcd13440490d90738f816'),
(152, 'Mieko', 'Leslie', 'mieko.leslie@sample.com', '63bed66f3d9dcd13440490d90738f816'),
(153, 'Toshie', 'Katrina', 'toshie.katrina@sample.com', '63bed66f3d9dcd13440490d90738f816'),
(154, 'Junko', 'Tony', 'junko.tony@sample.com', '63bed66f3d9dcd13440490d90738f816'),
(155, 'test', 'test', 'test@test.com', '16d7a4fca7442dda3ad93c9a726597e4');

-- --------------------------------------------------------

--
-- Tablo için tablo yapısı `votes`
--

CREATE TABLE `votes` (
  `id` int(11) NOT NULL,
  `user_id` int(11) NOT NULL,
  `question_id` int(11) NOT NULL,
  `answer_id` int(11) NOT NULL
) ENGINE=InnoDB DEFAULT CHARSET=latin1;

--
-- Tablo döküm verisi `votes`
--

INSERT INTO `votes` (`id`, `user_id`, `question_id`, `answer_id`) VALUES
(14, 2, 20, 5),
(15, 2, 21, 9),
(16, 2, 22, 12),
(17, 2, 23, 14),
(18, 2, 24, 18),
(19, 2, 25, 20),
(20, 2, 26, 26),
(21, 2, 27, 27),
(22, 2, 28, 34),
(23, 2, 29, 38),
(24, 2, 30, 40),
(25, 2, 31, 47),
(26, 2, 32, 50),
(27, 2, 33, 55),
(28, 2, 34, 58),
(29, 2, 35, 61),
(30, 3, 20, 7),
(31, 3, 21, 9),
(32, 3, 22, 12),
(33, 3, 23, 15),
(34, 3, 24, 17),
(35, 3, 25, 21),
(36, 3, 26, 26),
(37, 3, 27, 28),
(38, 3, 28, 33),
(39, 3, 29, 37),
(40, 3, 30, 42),
(41, 3, 31, 47),
(42, 3, 32, 49),
(43, 3, 33, 52),
(44, 3, 34, 56),
(45, 3, 35, 62),
(46, 4, 20, 5),
(47, 4, 21, 11),
(48, 4, 22, 13),
(49, 4, 23, 14),
(50, 4, 24, 16),
(51, 4, 25, 21),
(52, 4, 26, 23),
(53, 4, 27, 30),
(54, 4, 28, 33),
(55, 4, 29, 38),
(56, 4, 30, 42),
(57, 4, 31, 43),
(58, 4, 32, 50),
(59, 4, 33, 53),
(60, 4, 34, 57),
(61, 4, 35, 61),
(62, 5, 20, 6),
(63, 5, 21, 10),
(64, 5, 22, 12),
(65, 5, 23, 15),
(66, 5, 24, 16),
(67, 5, 25, 19),
(68, 5, 26, 22),
(69, 5, 27, 30),
(70, 5, 28, 34),
(71, 5, 29, 36),
(72, 5, 30, 41),
(73, 5, 31, 47),
(74, 5, 32, 49),
(75, 5, 33, 55),
(76, 5, 34, 57),
(77, 5, 35, 62),
(78, 6, 20, 6),
(79, 6, 21, 10),
(80, 6, 22, 13),
(81, 6, 23, 15),
(82, 6, 24, 17),
(83, 6, 25, 19),
(84, 6, 26, 23),
(85, 6, 27, 31),
(86, 6, 28, 35),
(87, 6, 29, 36),
(88, 6, 30, 42),
(89, 6, 31, 45),
(90, 6, 32, 49),
(91, 6, 33, 52),
(92, 6, 34, 59),
(93, 6, 35, 63),
(94, 7, 20, 7),
(95, 7, 21, 11),
(96, 7, 22, 13),
(97, 7, 23, 15),
(98, 7, 24, 18),
(99, 7, 25, 19),
(100, 7, 26, 24),
(101, 7, 27, 29),
(102, 7, 28, 32),
(103, 7, 29, 36),
(104, 7, 30, 41),
(105, 7, 31, 45),
(106, 7, 32, 48),
(107, 7, 33, 55),
(108, 7, 34, 56),
(109, 7, 35, 62),
(110, 8, 20, 5),
(111, 8, 21, 9),
(112, 8, 22, 12),
(113, 8, 23, 15),
(114, 8, 24, 16),
(115, 8, 25, 20),
(116, 8, 26, 24),
(117, 8, 27, 27),
(118, 8, 28, 34),
(119, 8, 29, 37),
(120, 8, 30, 41),
(121, 8, 31, 44),
(122, 8, 32, 49),
(123, 8, 33, 53),
(124, 8, 34, 56),
(125, 8, 35, 60),
(126, 9, 20, 5),
(127, 9, 21, 11),
(128, 9, 22, 12),
(129, 9, 23, 14),
(130, 9, 24, 16),
(131, 9, 25, 21),
(132, 9, 26, 26),
(133, 9, 27, 27),
(134, 9, 28, 35),
(135, 9, 29, 36),
(136, 9, 30, 41),
(137, 9, 31, 43),
(138, 9, 32, 48),
(139, 9, 33, 55),
(140, 9, 34, 58),
(141, 9, 35, 61),
(142, 10, 20, 8),
(143, 10, 21, 11),
(144, 10, 22, 13),
(145, 10, 23, 14),
(146, 10, 24, 17),
(147, 10, 25, 19),
(148, 10, 26, 22),
(149, 10, 27, 28),
(150, 10, 28, 34),
(151, 10, 29, 39),
(152, 10, 30, 41),
(153, 10, 31, 43),
(154, 10, 32, 48),
(155, 10, 33, 54),
(156, 10, 34, 56),
(157, 10, 35, 62),
(158, 11, 20, 7),
(159, 11, 21, 10),
(160, 11, 22, 13),
(161, 11, 23, 15),
(162, 11, 24, 16),
(163, 11, 25, 21),
(164, 11, 26, 26),
(165, 11, 27, 31),
(166, 11, 28, 35),
(167, 11, 29, 38),
(168, 11, 30, 40),
(169, 11, 31, 47),
(170, 11, 32, 49),
(171, 11, 33, 54),
(172, 11, 34, 57),
(173, 11, 35, 60),
(174, 12, 20, 6),
(175, 12, 21, 9),
(176, 12, 22, 12),
(177, 12, 23, 14),
(178, 12, 24, 17),
(179, 12, 25, 20),
(180, 12, 26, 23),
(181, 12, 27, 27),
(182, 12, 28, 32),
(183, 12, 29, 39),
(184, 12, 30, 40),
(185, 12, 31, 44),
(186, 12, 32, 50),
(187, 12, 33, 53),
(188, 12, 34, 59),
(189, 12, 35, 60),
(190, 13, 20, 7),
(191, 13, 21, 11),
(192, 13, 22, 13),
(193, 13, 23, 15),
(194, 13, 24, 17),
(195, 13, 25, 21),
(196, 13, 26, 26),
(197, 13, 27, 29),
(198, 13, 28, 33),
(199, 13, 29, 39),
(200, 13, 30, 41),
(201, 13, 31, 46),
(202, 13, 32, 49),
(203, 13, 33, 54),
(204, 13, 34, 59),
(205, 13, 35, 63),
(206, 14, 20, 8),
(207, 14, 21, 9),
(208, 14, 22, 12),
(209, 14, 23, 14),
(210, 14, 24, 17),
(211, 14, 25, 20),
(212, 14, 26, 23),
(213, 14, 27, 30),
(214, 14, 28, 33),
(215, 14, 29, 38),
(216, 14, 30, 40),
(217, 14, 31, 47),
(218, 14, 32, 48),
(219, 14, 33, 55),
(220, 14, 34, 56),
(221, 14, 35, 63),
(222, 15, 20, 7),
(223, 15, 21, 9),
(224, 15, 22, 13),
(225, 15, 23, 14),
(226, 15, 24, 18),
(227, 15, 25, 20),
(228, 15, 26, 25),
(229, 15, 27, 27),
(230, 15, 28, 33),
(231, 15, 29, 36),
(232, 15, 30, 42),
(233, 15, 31, 47),
(234, 15, 32, 51),
(235, 15, 33, 54),
(236, 15, 34, 59),
(237, 15, 35, 62),
(238, 16, 20, 7),
(239, 16, 21, 11),
(240, 16, 22, 13),
(241, 16, 23, 14),
(242, 16, 24, 16),
(243, 16, 25, 20),
(244, 16, 26, 26),
(245, 16, 27, 30),
(246, 16, 28, 35),
(247, 16, 29, 39),
(248, 16, 30, 41),
(249, 16, 31, 47),
(250, 16, 32, 51),
(251, 16, 33, 54),
(252, 16, 34, 58),
(253, 16, 35, 62),
(254, 17, 20, 6),
(255, 17, 21, 10),
(256, 17, 22, 13),
(257, 17, 23, 14),
(258, 17, 24, 18),
(259, 17, 25, 20),
(260, 17, 26, 24),
(261, 17, 27, 28),
(262, 17, 28, 34),
(263, 17, 29, 37),
(264, 17, 30, 40),
(265, 17, 31, 45),
(266, 17, 32, 48),
(267, 17, 33, 55),
(268, 17, 34, 56),
(269, 17, 35, 63),
(270, 18, 20, 8),
(271, 18, 21, 9),
(272, 18, 22, 13),
(273, 18, 23, 14),
(274, 18, 24, 17),
(275, 18, 25, 21),
(276, 18, 26, 25),
(277, 18, 27, 28),
(278, 18, 28, 34),
(279, 18, 29, 36),
(280, 18, 30, 40),
(281, 18, 31, 45),
(282, 18, 32, 51),
(283, 18, 33, 55),
(284, 18, 34, 56),
(285, 18, 35, 61),
(286, 19, 20, 5),
(287, 19, 21, 11),
(288, 19, 22, 13),
(289, 19, 23, 14),
(290, 19, 24, 17),
(291, 19, 25, 20),
(292, 19, 26, 24),
(293, 19, 27, 27),
(294, 19, 28, 35),
(295, 19, 29, 38),
(296, 19, 30, 41),
(297, 19, 31, 47),
(298, 19, 32, 50),
(299, 19, 33, 54),
(300, 19, 34, 58),
(301, 19, 35, 61),
(302, 20, 20, 7),
(303, 20, 21, 11),
(304, 20, 22, 13),
(305, 20, 23, 14),
(306, 20, 24, 17),
(307, 20, 25, 20),
(308, 20, 26, 23),
(309, 20, 27, 28),
(310, 20, 28, 34),
(311, 20, 29, 38),
(312, 20, 30, 42),
(313, 20, 31, 45),
(314, 20, 32, 50),
(315, 20, 33, 54),
(316, 20, 34, 59),
(317, 20, 35, 63),
(318, 21, 20, 7),
(319, 21, 21, 11),
(320, 21, 22, 12),
(321, 21, 23, 14),
(322, 21, 24, 16),
(323, 21, 25, 21),
(324, 21, 26, 22),
(325, 21, 27, 27),
(326, 21, 28, 34),
(327, 21, 29, 38),
(328, 21, 30, 42),
(329, 21, 31, 43),
(330, 21, 32, 48),
(331, 21, 33, 54),
(332, 21, 34, 58),
(333, 21, 35, 63),
(334, 22, 20, 6),
(335, 22, 21, 9),
(336, 22, 22, 13),
(337, 22, 23, 15),
(338, 22, 24, 17),
(339, 22, 25, 19),
(340, 22, 26, 22),
(341, 22, 27, 28),
(342, 22, 28, 35),
(343, 22, 29, 39),
(344, 22, 30, 42),
(345, 22, 31, 44),
(346, 22, 32, 50),
(347, 22, 33, 54),
(348, 22, 34, 57),
(349, 22, 35, 60),
(350, 23, 20, 6),
(351, 23, 21, 10),
(352, 23, 22, 12),
(353, 23, 23, 15),
(354, 23, 24, 17),
(355, 23, 25, 19),
(356, 23, 26, 25),
(357, 23, 27, 31),
(358, 23, 28, 35),
(359, 23, 29, 38),
(360, 23, 30, 40),
(361, 23, 31, 47),
(362, 23, 32, 49),
(363, 23, 33, 54),
(364, 23, 34, 58),
(365, 23, 35, 62),
(366, 24, 20, 8),
(367, 24, 21, 10),
(368, 24, 22, 13),
(369, 24, 23, 15),
(370, 24, 24, 18),
(371, 24, 25, 21),
(372, 24, 26, 26),
(373, 24, 27, 29),
(374, 24, 28, 34),
(375, 24, 29, 38),
(376, 24, 30, 42),
(377, 24, 31, 44),
(378, 24, 32, 49),
(379, 24, 33, 52),
(380, 24, 34, 57),
(381, 24, 35, 63),
(382, 25, 20, 7),
(383, 25, 21, 10),
(384, 25, 22, 12),
(385, 25, 23, 14),
(386, 25, 24, 18),
(387, 25, 25, 19),
(388, 25, 26, 23),
(389, 25, 27, 30),
(390, 25, 28, 34),
(391, 25, 29, 37),
(392, 25, 30, 42),
(393, 25, 31, 47),
(394, 25, 32, 48),
(395, 25, 33, 53),
(396, 25, 34, 58),
(397, 25, 35, 60),
(398, 26, 20, 8),
(399, 26, 21, 9),
(400, 26, 22, 13),
(401, 26, 23, 15),
(402, 26, 24, 18),
(403, 26, 25, 20),
(404, 26, 26, 22),
(405, 26, 27, 29),
(406, 26, 28, 33),
(407, 26, 29, 39),
(408, 26, 30, 42),
(409, 26, 31, 46),
(410, 26, 32, 48),
(411, 26, 33, 52),
(412, 26, 34, 58),
(413, 26, 35, 63),
(414, 27, 20, 7),
(415, 27, 21, 9),
(416, 27, 22, 12),
(417, 27, 23, 15),
(418, 27, 24, 16),
(419, 27, 25, 20),
(420, 27, 26, 24),
(421, 27, 27, 30),
(422, 27, 28, 34),
(423, 27, 29, 36),
(424, 27, 30, 41),
(425, 27, 31, 46),
(426, 27, 32, 50),
(427, 27, 33, 52),
(428, 27, 34, 59),
(429, 27, 35, 62),
(430, 28, 20, 5),
(431, 28, 21, 10),
(432, 28, 22, 12),
(433, 28, 23, 14),
(434, 28, 24, 16),
(435, 28, 25, 20),
(436, 28, 26, 25),
(437, 28, 27, 28),
(438, 28, 28, 33),
(439, 28, 29, 37),
(440, 28, 30, 40),
(441, 28, 31, 45),
(442, 28, 32, 50),
(443, 28, 33, 54),
(444, 28, 34, 57),
(445, 28, 35, 61),
(446, 29, 20, 7),
(447, 29, 21, 10),
(448, 29, 22, 12),
(449, 29, 23, 15),
(450, 29, 24, 18),
(451, 29, 25, 20),
(452, 29, 26, 24),
(453, 29, 27, 30),
(454, 29, 28, 34),
(455, 29, 29, 36),
(456, 29, 30, 41),
(457, 29, 31, 44),
(458, 29, 32, 48),
(459, 29, 33, 52),
(460, 29, 34, 59),
(461, 29, 35, 61),
(462, 30, 20, 7),
(463, 30, 21, 9),
(464, 30, 22, 12),
(465, 30, 23, 15),
(466, 30, 24, 17),
(467, 30, 25, 19),
(468, 30, 26, 22),
(469, 30, 27, 30),
(470, 30, 28, 34),
(471, 30, 29, 37),
(472, 30, 30, 40),
(473, 30, 31, 43),
(474, 30, 32, 48),
(475, 30, 33, 54),
(476, 30, 34, 58),
(477, 30, 35, 63),
(478, 31, 20, 4),
(479, 31, 21, 10),
(480, 31, 22, 13),
(481, 31, 23, 14),
(482, 31, 24, 16),
(483, 31, 25, 19),
(484, 31, 26, 25),
(485, 31, 27, 30),
(486, 31, 28, 32),
(487, 31, 29, 36),
(488, 31, 30, 40),
(489, 31, 31, 43),
(490, 31, 32, 49),
(491, 31, 33, 55),
(492, 31, 34, 57),
(493, 31, 35, 60),
(494, 32, 20, 7),
(495, 32, 21, 11),
(496, 32, 22, 13),
(497, 32, 23, 14),
(498, 32, 24, 16),
(499, 32, 25, 19),
(500, 32, 26, 26),
(501, 32, 27, 30),
(502, 32, 28, 33),
(503, 32, 29, 36),
(504, 32, 30, 42),
(505, 32, 31, 44),
(506, 32, 32, 51),
(507, 32, 33, 53),
(508, 32, 34, 56),
(509, 32, 35, 63),
(510, 33, 20, 8),
(511, 33, 21, 11),
(512, 33, 22, 13),
(513, 33, 23, 14),
(514, 33, 24, 18),
(515, 33, 25, 20),
(516, 33, 26, 26),
(517, 33, 27, 31),
(518, 33, 28, 34),
(519, 33, 29, 39),
(520, 33, 30, 40),
(521, 33, 31, 43),
(522, 33, 32, 50),
(523, 33, 33, 54),
(524, 33, 34, 56),
(525, 33, 35, 61),
(526, 34, 20, 6),
(527, 34, 21, 11),
(528, 34, 22, 13),
(529, 34, 23, 15),
(530, 34, 24, 18),
(531, 34, 25, 20),
(532, 34, 26, 23),
(533, 34, 27, 28),
(534, 34, 28, 34),
(535, 34, 29, 36),
(536, 34, 30, 42),
(537, 34, 31, 45),
(538, 34, 32, 49),
(539, 34, 33, 55),
(540, 34, 34, 57),
(541, 34, 35, 60),
(542, 35, 20, 7),
(543, 35, 21, 9),
(544, 35, 22, 12),
(545, 35, 23, 14),
(546, 35, 24, 18),
(547, 35, 25, 21),
(548, 35, 26, 24),
(549, 35, 27, 30),
(550, 35, 28, 35),
(551, 35, 29, 37),
(552, 35, 30, 42),
(553, 35, 31, 45),
(554, 35, 32, 48),
(555, 35, 33, 55),
(556, 35, 34, 59),
(557, 35, 35, 62),
(558, 36, 20, 7),
(559, 36, 21, 10),
(560, 36, 22, 12),
(561, 36, 23, 15),
(562, 36, 24, 18),
(563, 36, 25, 20),
(564, 36, 26, 22),
(565, 36, 27, 30),
(566, 36, 28, 33),
(567, 36, 29, 39),
(568, 36, 30, 40),
(569, 36, 31, 46),
(570, 36, 32, 50),
(571, 36, 33, 54),
(572, 36, 34, 59),
(573, 36, 35, 61),
(574, 37, 20, 8),
(575, 37, 21, 9),
(576, 37, 22, 13),
(577, 37, 23, 15),
(578, 37, 24, 16),
(579, 37, 25, 19),
(580, 37, 26, 24),
(581, 37, 27, 31),
(582, 37, 28, 34),
(583, 37, 29, 36),
(584, 37, 30, 40),
(585, 37, 31, 46),
(586, 37, 32, 51),
(587, 37, 33, 52),
(588, 37, 34, 57),
(589, 37, 35, 62),
(590, 38, 20, 6),
(591, 38, 21, 10),
(592, 38, 22, 12),
(593, 38, 23, 15),
(594, 38, 24, 18),
(595, 38, 25, 20),
(596, 38, 26, 23),
(597, 38, 27, 28),
(598, 38, 28, 32),
(599, 38, 29, 37),
(600, 38, 30, 42),
(601, 38, 31, 47),
(602, 38, 32, 51),
(603, 38, 33, 55),
(604, 38, 34, 56),
(605, 38, 35, 63),
(606, 39, 20, 8),
(607, 39, 21, 9),
(608, 39, 22, 13),
(609, 39, 23, 15),
(610, 39, 24, 16),
(611, 39, 25, 19),
(612, 39, 26, 25),
(613, 39, 27, 27),
(614, 39, 28, 32),
(615, 39, 29, 36),
(616, 39, 30, 42),
(617, 39, 31, 43),
(618, 39, 32, 48),
(619, 39, 33, 52),
(620, 39, 34, 59),
(621, 39, 35, 63),
(622, 40, 20, 6),
(623, 40, 21, 9),
(624, 40, 22, 12),
(625, 40, 23, 14),
(626, 40, 24, 17),
(627, 40, 25, 20),
(628, 40, 26, 25),
(629, 40, 27, 31),
(630, 40, 28, 35),
(631, 40, 29, 38),
(632, 40, 30, 42),
(633, 40, 31, 47),
(634, 40, 32, 49),
(635, 40, 33, 55),
(636, 40, 34, 58),
(637, 40, 35, 60),
(638, 41, 20, 8),
(639, 41, 21, 9),
(640, 41, 22, 12),
(641, 41, 23, 14),
(642, 41, 24, 16),
(643, 41, 25, 21),
(644, 41, 26, 23),
(645, 41, 27, 29),
(646, 41, 28, 35),
(647, 41, 29, 36),
(648, 41, 30, 41),
(649, 41, 31, 43),
(650, 41, 32, 48),
(651, 41, 33, 53),
(652, 41, 34, 59),
(653, 41, 35, 63),
(654, 42, 20, 7),
(655, 42, 21, 9),
(656, 42, 22, 12),
(657, 42, 23, 14),
(658, 42, 24, 17),
(659, 42, 25, 21),
(660, 42, 26, 22),
(661, 42, 27, 29),
(662, 42, 28, 33),
(663, 42, 29, 39),
(664, 42, 30, 41),
(665, 42, 31, 46),
(666, 42, 32, 50),
(667, 42, 33, 55),
(668, 42, 34, 59),
(669, 42, 35, 62),
(670, 43, 20, 4),
(671, 43, 21, 11),
(672, 43, 22, 13),
(673, 43, 23, 14),
(674, 43, 24, 17),
(675, 43, 25, 19),
(676, 43, 26, 26),
(677, 43, 27, 29),
(678, 43, 28, 33),
(679, 43, 29, 38),
(680, 43, 30, 41),
(681, 43, 31, 45),
(682, 43, 32, 48),
(683, 43, 33, 53),
(684, 43, 34, 57),
(685, 43, 35, 62),
(686, 44, 20, 5),
(687, 44, 21, 10),
(688, 44, 22, 13),
(689, 44, 23, 14),
(690, 44, 24, 17),
(691, 44, 25, 19),
(692, 44, 26, 24),
(693, 44, 27, 30),
(694, 44, 28, 35),
(695, 44, 29, 39),
(696, 44, 30, 41),
(697, 44, 31, 46),
(698, 44, 32, 51),
(699, 44, 33, 52),
(700, 44, 34, 57),
(701, 44, 35, 63),
(702, 45, 20, 4),
(703, 45, 21, 9),
(704, 45, 22, 12),
(705, 45, 23, 15),
(706, 45, 24, 17),
(707, 45, 25, 19),
(708, 45, 26, 22),
(709, 45, 27, 30),
(710, 45, 28, 35),
(711, 45, 29, 37),
(712, 45, 30, 40),
(713, 45, 31, 47),
(714, 45, 32, 50),
(715, 45, 33, 53),
(716, 45, 34, 57),
(717, 45, 35, 60),
(718, 46, 20, 8),
(719, 46, 21, 10),
(720, 46, 22, 12),
(721, 46, 23, 14),
(722, 46, 24, 17),
(723, 46, 25, 20),
(724, 46, 26, 22),
(725, 46, 27, 29),
(726, 46, 28, 34),
(727, 46, 29, 38),
(728, 46, 30, 40),
(729, 46, 31, 44),
(730, 46, 32, 50),
(731, 46, 33, 53),
(732, 46, 34, 57),
(733, 46, 35, 62),
(734, 47, 20, 6),
(735, 47, 21, 11),
(736, 47, 22, 12),
(737, 47, 23, 15),
(738, 47, 24, 16),
(739, 47, 25, 20),
(740, 47, 26, 24),
(741, 47, 27, 31),
(742, 47, 28, 35),
(743, 47, 29, 38),
(744, 47, 30, 41),
(745, 47, 31, 45),
(746, 47, 32, 48),
(747, 47, 33, 52),
(748, 47, 34, 58),
(749, 47, 35, 60),
(750, 48, 20, 6),
(751, 48, 21, 11),
(752, 48, 22, 12),
(753, 48, 23, 14),
(754, 48, 24, 17),
(755, 48, 25, 20),
(756, 48, 26, 24),
(757, 48, 27, 31),
(758, 48, 28, 32),
(759, 48, 29, 38),
(760, 48, 30, 40),
(761, 48, 31, 46),
(762, 48, 32, 51),
(763, 48, 33, 54),
(764, 48, 34, 57),
(765, 48, 35, 61),
(766, 49, 20, 6),
(767, 49, 21, 11),
(768, 49, 22, 12),
(769, 49, 23, 14),
(770, 49, 24, 16),
(771, 49, 25, 21),
(772, 49, 26, 23),
(773, 49, 27, 31),
(774, 49, 28, 33),
(775, 49, 29, 39),
(776, 49, 30, 41),
(777, 49, 31, 45),
(778, 49, 32, 51),
(779, 49, 33, 52),
(780, 49, 34, 57),
(781, 49, 35, 61),
(782, 50, 20, 7),
(783, 50, 21, 11),
(784, 50, 22, 13),
(785, 50, 23, 14),
(786, 50, 24, 17),
(787, 50, 25, 19),
(788, 50, 26, 22),
(789, 50, 27, 29),
(790, 50, 28, 34),
(791, 50, 29, 37),
(792, 50, 30, 40),
(793, 50, 31, 46),
(794, 50, 32, 48),
(795, 50, 33, 54),
(796, 50, 34, 56),
(797, 50, 35, 62),
(798, 51, 20, 6),
(799, 51, 21, 9),
(800, 51, 22, 12),
(801, 51, 23, 15),
(802, 51, 24, 18),
(803, 51, 25, 19),
(804, 51, 26, 24),
(805, 51, 27, 28),
(806, 51, 28, 32),
(807, 51, 29, 39),
(808, 51, 30, 42),
(809, 51, 31, 43),
(810, 51, 32, 51),
(811, 51, 33, 52),
(812, 51, 34, 57),
(813, 51, 35, 62),
(814, 52, 20, 4),
(815, 52, 21, 9),
(816, 52, 22, 13),
(817, 52, 23, 14),
(818, 52, 24, 16),
(819, 52, 25, 19),
(820, 52, 26, 26),
(821, 52, 27, 31),
(822, 52, 28, 34),
(823, 52, 29, 36),
(824, 52, 30, 41),
(825, 52, 31, 46),
(826, 52, 32, 50),
(827, 52, 33, 54),
(828, 52, 34, 56),
(829, 52, 35, 60),
(830, 53, 20, 8),
(831, 53, 21, 9),
(832, 53, 22, 13),
(833, 53, 23, 15),
(834, 53, 24, 17),
(835, 53, 25, 19),
(836, 53, 26, 22),
(837, 53, 27, 30),
(838, 53, 28, 35),
(839, 53, 29, 39),
(840, 53, 30, 41),
(841, 53, 31, 47),
(842, 53, 32, 48),
(843, 53, 33, 52),
(844, 53, 34, 58),
(845, 53, 35, 60),
(846, 54, 20, 4),
(847, 54, 21, 10),
(848, 54, 22, 13),
(849, 54, 23, 14),
(850, 54, 24, 17),
(851, 54, 25, 20),
(852, 54, 26, 22),
(853, 54, 27, 27),
(854, 54, 28, 34),
(855, 54, 29, 38),
(856, 54, 30, 42),
(857, 54, 31, 43),
(858, 54, 32, 48),
(859, 54, 33, 55),
(860, 54, 34, 56),
(861, 54, 35, 60),
(862, 55, 20, 5),
(863, 55, 21, 11),
(864, 55, 22, 13),
(865, 55, 23, 15),
(866, 55, 24, 18),
(867, 55, 25, 19),
(868, 55, 26, 23),
(869, 55, 27, 30),
(870, 55, 28, 35),
(871, 55, 29, 39),
(872, 55, 30, 41),
(873, 55, 31, 47),
(874, 55, 32, 48),
(875, 55, 33, 52),
(876, 55, 34, 56),
(877, 55, 35, 61),
(878, 56, 20, 7),
(879, 56, 21, 11),
(880, 56, 22, 13),
(881, 56, 23, 14),
(882, 56, 24, 16),
(883, 56, 25, 21),
(884, 56, 26, 24),
(885, 56, 27, 30),
(886, 56, 28, 33),
(887, 56, 29, 36),
(888, 56, 30, 42),
(889, 56, 31, 46),
(890, 56, 32, 48),
(891, 56, 33, 52),
(892, 56, 34, 59),
(893, 56, 35, 61),
(894, 57, 20, 8),
(895, 57, 21, 10),
(896, 57, 22, 12),
(897, 57, 23, 15),
(898, 57, 24, 17),
(899, 57, 25, 20),
(900, 57, 26, 24),
(901, 57, 27, 29),
(902, 57, 28, 33),
(903, 57, 29, 36),
(904, 57, 30, 41),
(905, 57, 31, 46),
(906, 57, 32, 49),
(907, 57, 33, 53),
(908, 57, 34, 59),
(909, 57, 35, 60),
(910, 58, 20, 4),
(911, 58, 21, 10),
(912, 58, 22, 12),
(913, 58, 23, 14),
(914, 58, 24, 16),
(915, 58, 25, 21),
(916, 58, 26, 22),
(917, 58, 27, 30),
(918, 58, 28, 35),
(919, 58, 29, 39),
(920, 58, 30, 41),
(921, 58, 31, 43),
(922, 58, 32, 48),
(923, 58, 33, 52),
(924, 58, 34, 58),
(925, 58, 35, 60),
(926, 59, 20, 8),
(927, 59, 21, 11),
(928, 59, 22, 13),
(929, 59, 23, 15),
(930, 59, 24, 16),
(931, 59, 25, 20),
(932, 59, 26, 22),
(933, 59, 27, 30),
(934, 59, 28, 34),
(935, 59, 29, 37),
(936, 59, 30, 40),
(937, 59, 31, 47),
(938, 59, 32, 51),
(939, 59, 33, 52),
(940, 59, 34, 56),
(941, 59, 35, 60),
(942, 60, 20, 7),
(943, 60, 21, 10),
(944, 60, 22, 12),
(945, 60, 23, 15),
(946, 60, 24, 16),
(947, 60, 25, 20),
(948, 60, 26, 25),
(949, 60, 27, 27),
(950, 60, 28, 33),
(951, 60, 29, 36),
(952, 60, 30, 40),
(953, 60, 31, 45),
(954, 60, 32, 49),
(955, 60, 33, 55),
(956, 60, 34, 58),
(957, 60, 35, 61),
(958, 61, 20, 6),
(959, 61, 21, 10),
(960, 61, 22, 13),
(961, 61, 23, 15),
(962, 61, 24, 18),
(963, 61, 25, 21),
(964, 61, 26, 24),
(965, 61, 27, 29),
(966, 61, 28, 33),
(967, 61, 29, 38),
(968, 61, 30, 41),
(969, 61, 31, 44),
(970, 61, 32, 51),
(971, 61, 33, 54),
(972, 61, 34, 57),
(973, 61, 35, 62),
(974, 62, 20, 4),
(975, 62, 21, 11),
(976, 62, 22, 12),
(977, 62, 23, 14),
(978, 62, 24, 17),
(979, 62, 25, 19),
(980, 62, 26, 24),
(981, 62, 27, 31),
(982, 62, 28, 33),
(983, 62, 29, 39),
(984, 62, 30, 41),
(985, 62, 31, 46),
(986, 62, 32, 50),
(987, 62, 33, 52),
(988, 62, 34, 56),
(989, 62, 35, 60),
(990, 63, 20, 6),
(991, 63, 21, 11),
(992, 63, 22, 13),
(993, 63, 23, 15),
(994, 63, 24, 18),
(995, 63, 25, 19),
(996, 63, 26, 22),
(997, 63, 27, 27),
(998, 63, 28, 35),
(999, 63, 29, 38),
(1000, 63, 30, 41),
(1001, 63, 31, 47),
(1002, 63, 32, 49),
(1003, 63, 33, 55),
(1004, 63, 34, 57),
(1005, 63, 35, 61),
(1006, 64, 20, 8),
(1007, 64, 21, 11),
(1008, 64, 22, 13),
(1009, 64, 23, 14),
(1010, 64, 24, 18),
(1011, 64, 25, 21),
(1012, 64, 26, 22),
(1013, 64, 27, 28),
(1014, 64, 28, 34),
(1015, 64, 29, 37),
(1016, 64, 30, 40),
(1017, 64, 31, 44),
(1018, 64, 32, 50),
(1019, 64, 33, 52),
(1020, 64, 34, 57),
(1021, 64, 35, 60),
(1022, 65, 20, 4),
(1023, 65, 21, 10),
(1024, 65, 22, 13),
(1025, 65, 23, 15),
(1026, 65, 24, 17),
(1027, 65, 25, 21),
(1028, 65, 26, 22),
(1029, 65, 27, 30),
(1030, 65, 28, 34),
(1031, 65, 29, 38),
(1032, 65, 30, 41),
(1033, 65, 31, 47),
(1034, 65, 32, 50),
(1035, 65, 33, 55),
(1036, 65, 34, 56),
(1037, 65, 35, 62),
(1038, 66, 20, 6),
(1039, 66, 21, 10),
(1040, 66, 22, 13),
(1041, 66, 23, 15),
(1042, 66, 24, 17),
(1043, 66, 25, 21),
(1044, 66, 26, 26),
(1045, 66, 27, 28),
(1046, 66, 28, 33),
(1047, 66, 29, 39),
(1048, 66, 30, 41),
(1049, 66, 31, 47),
(1050, 66, 32, 48),
(1051, 66, 33, 52),
(1052, 66, 34, 56),
(1053, 66, 35, 61),
(1054, 67, 20, 6),
(1055, 67, 21, 11),
(1056, 67, 22, 12),
(1057, 67, 23, 14),
(1058, 67, 24, 17),
(1059, 67, 25, 20),
(1060, 67, 26, 25),
(1061, 67, 27, 27),
(1062, 67, 28, 32),
(1063, 67, 29, 36),
(1064, 67, 30, 42),
(1065, 67, 31, 46),
(1066, 67, 32, 51),
(1067, 67, 33, 55),
(1068, 67, 34, 56),
(1069, 67, 35, 62),
(1070, 68, 20, 6),
(1071, 68, 21, 11),
(1072, 68, 22, 12),
(1073, 68, 23, 14),
(1074, 68, 24, 18),
(1075, 68, 25, 21),
(1076, 68, 26, 23),
(1077, 68, 27, 28),
(1078, 68, 28, 35),
(1079, 68, 29, 39),
(1080, 68, 30, 40),
(1081, 68, 31, 43),
(1082, 68, 32, 48),
(1083, 68, 33, 52),
(1084, 68, 34, 57),
(1085, 68, 35, 61),
(1086, 69, 20, 8),
(1087, 69, 21, 10),
(1088, 69, 22, 13),
(1089, 69, 23, 14),
(1090, 69, 24, 18),
(1091, 69, 25, 19),
(1092, 69, 26, 24),
(1093, 69, 27, 27),
(1094, 69, 28, 33),
(1095, 69, 29, 37),
(1096, 69, 30, 42),
(1097, 69, 31, 44),
(1098, 69, 32, 49),
(1099, 69, 33, 55),
(1100, 69, 34, 59),
(1101, 69, 35, 63),
(1102, 70, 20, 8),
(1103, 70, 21, 11),
(1104, 70, 22, 13),
(1105, 70, 23, 15),
(1106, 70, 24, 18),
(1107, 70, 25, 20),
(1108, 70, 26, 22),
(1109, 70, 27, 30),
(1110, 70, 28, 33),
(1111, 70, 29, 36),
(1112, 70, 30, 42),
(1113, 70, 31, 44),
(1114, 70, 32, 49),
(1115, 70, 33, 55),
(1116, 70, 34, 59),
(1117, 70, 35, 60),
(1118, 71, 20, 6),
(1119, 71, 21, 9),
(1120, 71, 22, 13),
(1121, 71, 23, 14),
(1122, 71, 24, 17),
(1123, 71, 25, 21),
(1124, 71, 26, 24),
(1125, 71, 27, 31),
(1126, 71, 28, 33),
(1127, 71, 29, 36),
(1128, 71, 30, 40),
(1129, 71, 31, 45),
(1130, 71, 32, 48),
(1131, 71, 33, 52),
(1132, 71, 34, 57),
(1133, 71, 35, 60),
(1134, 72, 20, 8),
(1135, 72, 21, 10),
(1136, 72, 22, 13),
(1137, 72, 23, 15),
(1138, 72, 24, 18),
(1139, 72, 25, 21),
(1140, 72, 26, 24),
(1141, 72, 27, 27),
(1142, 72, 28, 32),
(1143, 72, 29, 36),
(1144, 72, 30, 41),
(1145, 72, 31, 44),
(1146, 72, 32, 48),
(1147, 72, 33, 52),
(1148, 72, 34, 57),
(1149, 72, 35, 62),
(1150, 73, 20, 6),
(1151, 73, 21, 11),
(1152, 73, 22, 12),
(1153, 73, 23, 14),
(1154, 73, 24, 18),
(1155, 73, 25, 21),
(1156, 73, 26, 26),
(1157, 73, 27, 27),
(1158, 73, 28, 35),
(1159, 73, 29, 36),
(1160, 73, 30, 42),
(1161, 73, 31, 43),
(1162, 73, 32, 48),
(1163, 73, 33, 52),
(1164, 73, 34, 56),
(1165, 73, 35, 60),
(1166, 74, 20, 6),
(1167, 74, 21, 9),
(1168, 74, 22, 12),
(1169, 74, 23, 14),
(1170, 74, 24, 18),
(1171, 74, 25, 20),
(1172, 74, 26, 23),
(1173, 74, 27, 31),
(1174, 74, 28, 34),
(1175, 74, 29, 38),
(1176, 74, 30, 40),
(1177, 74, 31, 47),
(1178, 74, 32, 51),
(1179, 74, 33, 54),
(1180, 74, 34, 58),
(1181, 74, 35, 61),
(1182, 75, 20, 7),
(1183, 75, 21, 11),
(1184, 75, 22, 12),
(1185, 75, 23, 15),
(1186, 75, 24, 17),
(1187, 75, 25, 20),
(1188, 75, 26, 25),
(1189, 75, 27, 28),
(1190, 75, 28, 34),
(1191, 75, 29, 37),
(1192, 75, 30, 41),
(1193, 75, 31, 46),
(1194, 75, 32, 49),
(1195, 75, 33, 54),
(1196, 75, 34, 59),
(1197, 75, 35, 63),
(1198, 76, 20, 7),
(1199, 76, 21, 11),
(1200, 76, 22, 13),
(1201, 76, 23, 15),
(1202, 76, 24, 17),
(1203, 76, 25, 19),
(1204, 76, 26, 24),
(1205, 76, 27, 27),
(1206, 76, 28, 35),
(1207, 76, 29, 39),
(1208, 76, 30, 40),
(1209, 76, 31, 46),
(1210, 76, 32, 50),
(1211, 76, 33, 54),
(1212, 76, 34, 56),
(1213, 76, 35, 60),
(1214, 77, 20, 6),
(1215, 77, 21, 10),
(1216, 77, 22, 13),
(1217, 77, 23, 15),
(1218, 77, 24, 18),
(1219, 77, 25, 20),
(1220, 77, 26, 23),
(1221, 77, 27, 28),
(1222, 77, 28, 35),
(1223, 77, 29, 38),
(1224, 77, 30, 40),
(1225, 77, 31, 44),
(1226, 77, 32, 48),
(1227, 77, 33, 52),
(1228, 77, 34, 56),
(1229, 77, 35, 63),
(1230, 78, 20, 4),
(1231, 78, 21, 9),
(1232, 78, 22, 12),
(1233, 78, 23, 14),
(1234, 78, 24, 16),
(1235, 78, 25, 21),
(1236, 78, 26, 25),
(1237, 78, 27, 27),
(1238, 78, 28, 34),
(1239, 78, 29, 38),
(1240, 78, 30, 42),
(1241, 78, 31, 44),
(1242, 78, 32, 49),
(1243, 78, 33, 54),
(1244, 78, 34, 57),
(1245, 78, 35, 63),
(1246, 79, 20, 5),
(1247, 79, 21, 9),
(1248, 79, 22, 13),
(1249, 79, 23, 14),
(1250, 79, 24, 17),
(1251, 79, 25, 21),
(1252, 79, 26, 24),
(1253, 79, 27, 29),
(1254, 79, 28, 34),
(1255, 79, 29, 38),
(1256, 79, 30, 41),
(1257, 79, 31, 47),
(1258, 79, 32, 50),
(1259, 79, 33, 54),
(1260, 79, 34, 58),
(1261, 79, 35, 62),
(1262, 80, 20, 7),
(1263, 80, 21, 11),
(1264, 80, 22, 12),
(1265, 80, 23, 15),
(1266, 80, 24, 18),
(1267, 80, 25, 21),
(1268, 80, 26, 26),
(1269, 80, 27, 29),
(1270, 80, 28, 34),
(1271, 80, 29, 38),
(1272, 80, 30, 42),
(1273, 80, 31, 47),
(1274, 80, 32, 49),
(1275, 80, 33, 52),
(1276, 80, 34, 58),
(1277, 80, 35, 62),
(1278, 81, 20, 6),
(1279, 81, 21, 10),
(1280, 81, 22, 13),
(1281, 81, 23, 14),
(1282, 81, 24, 17),
(1283, 81, 25, 19),
(1284, 81, 26, 24),
(1285, 81, 27, 31),
(1286, 81, 28, 35),
(1287, 81, 29, 36),
(1288, 81, 30, 42),
(1289, 81, 31, 45),
(1290, 81, 32, 50),
(1291, 81, 33, 53),
(1292, 81, 34, 56),
(1293, 81, 35, 61),
(1294, 82, 20, 6),
(1295, 82, 21, 10),
(1296, 82, 22, 12),
(1297, 82, 23, 14),
(1298, 82, 24, 16),
(1299, 82, 25, 19),
(1300, 82, 26, 26),
(1301, 82, 27, 30),
(1302, 82, 28, 34),
(1303, 82, 29, 38),
(1304, 82, 30, 41),
(1305, 82, 31, 43),
(1306, 82, 32, 51),
(1307, 82, 33, 53),
(1308, 82, 34, 58),
(1309, 82, 35, 61),
(1310, 83, 20, 7),
(1311, 83, 21, 9),
(1312, 83, 22, 12),
(1313, 83, 23, 14),
(1314, 83, 24, 17),
(1315, 83, 25, 21),
(1316, 83, 26, 22),
(1317, 83, 27, 27),
(1318, 83, 28, 35),
(1319, 83, 29, 39),
(1320, 83, 30, 42),
(1321, 83, 31, 45),
(1322, 83, 32, 49),
(1323, 83, 33, 55),
(1324, 83, 34, 56),
(1325, 83, 35, 63),
(1326, 84, 20, 5),
(1327, 84, 21, 9),
(1328, 84, 22, 12),
(1329, 84, 23, 14),
(1330, 84, 24, 17),
(1331, 84, 25, 21),
(1332, 84, 26, 22),
(1333, 84, 27, 28),
(1334, 84, 28, 34),
(1335, 84, 29, 39),
(1336, 84, 30, 40),
(1337, 84, 31, 45),
(1338, 84, 32, 48),
(1339, 84, 33, 55),
(1340, 84, 34, 59),
(1341, 84, 35, 63),
(1342, 85, 20, 4),
(1343, 85, 21, 9),
(1344, 85, 22, 12),
(1345, 85, 23, 14),
(1346, 85, 24, 18),
(1347, 85, 25, 19),
(1348, 85, 26, 25),
(1349, 85, 27, 30),
(1350, 85, 28, 32),
(1351, 85, 29, 37),
(1352, 85, 30, 41),
(1353, 85, 31, 45),
(1354, 85, 32, 48),
(1355, 85, 33, 53),
(1356, 85, 34, 57),
(1357, 85, 35, 61),
(1358, 86, 20, 7),
(1359, 86, 21, 10),
(1360, 86, 22, 13),
(1361, 86, 23, 14),
(1362, 86, 24, 16),
(1363, 86, 25, 19),
(1364, 86, 26, 24),
(1365, 86, 27, 31),
(1366, 86, 28, 35),
(1367, 86, 29, 39),
(1368, 86, 30, 41),
(1369, 86, 31, 47),
(1370, 86, 32, 50),
(1371, 86, 33, 53),
(1372, 86, 34, 59),
(1373, 86, 35, 63),
(1374, 87, 20, 6),
(1375, 87, 21, 11),
(1376, 87, 22, 12),
(1377, 87, 23, 14),
(1378, 87, 24, 18),
(1379, 87, 25, 21),
(1380, 87, 26, 22),
(1381, 87, 27, 27),
(1382, 87, 28, 33),
(1383, 87, 29, 38),
(1384, 87, 30, 41),
(1385, 87, 31, 45),
(1386, 87, 32, 51),
(1387, 87, 33, 55),
(1388, 87, 34, 59),
(1389, 87, 35, 62),
(1390, 88, 20, 5),
(1391, 88, 21, 11),
(1392, 88, 22, 13),
(1393, 88, 23, 15),
(1394, 88, 24, 18),
(1395, 88, 25, 20),
(1396, 88, 26, 24),
(1397, 88, 27, 30),
(1398, 88, 28, 32),
(1399, 88, 29, 39),
(1400, 88, 30, 41),
(1401, 88, 31, 46),
(1402, 88, 32, 48),
(1403, 88, 33, 53),
(1404, 88, 34, 58),
(1405, 88, 35, 62),
(1406, 89, 20, 4),
(1407, 89, 21, 11),
(1408, 89, 22, 12),
(1409, 89, 23, 14),
(1410, 89, 24, 18),
(1411, 89, 25, 19),
(1412, 89, 26, 23),
(1413, 89, 27, 27),
(1414, 89, 28, 34),
(1415, 89, 29, 39),
(1416, 89, 30, 41),
(1417, 89, 31, 46),
(1418, 89, 32, 50),
(1419, 89, 33, 53),
(1420, 89, 34, 57),
(1421, 89, 35, 63),
(1422, 90, 20, 5),
(1423, 90, 21, 9),
(1424, 90, 22, 13),
(1425, 90, 23, 14),
(1426, 90, 24, 17),
(1427, 90, 25, 19),
(1428, 90, 26, 25),
(1429, 90, 27, 30),
(1430, 90, 28, 35),
(1431, 90, 29, 36),
(1432, 90, 30, 41),
(1433, 90, 31, 43),
(1434, 90, 32, 49),
(1435, 90, 33, 55),
(1436, 90, 34, 59),
(1437, 90, 35, 62),
(1438, 91, 20, 7),
(1439, 91, 21, 11),
(1440, 91, 22, 13),
(1441, 91, 23, 15),
(1442, 91, 24, 16),
(1443, 91, 25, 21),
(1444, 91, 26, 24),
(1445, 91, 27, 31),
(1446, 91, 28, 34),
(1447, 91, 29, 36),
(1448, 91, 30, 41),
(1449, 91, 31, 44),
(1450, 91, 32, 49),
(1451, 91, 33, 55),
(1452, 91, 34, 57),
(1453, 91, 35, 62),
(1454, 92, 20, 4),
(1455, 92, 21, 11),
(1456, 92, 22, 13),
(1457, 92, 23, 15),
(1458, 92, 24, 18),
(1459, 92, 25, 20),
(1460, 92, 26, 22),
(1461, 92, 27, 30),
(1462, 92, 28, 34),
(1463, 92, 29, 38),
(1464, 92, 30, 42),
(1465, 92, 31, 43),
(1466, 92, 32, 50),
(1467, 92, 33, 55),
(1468, 92, 34, 58),
(1469, 92, 35, 61),
(1470, 93, 20, 7),
(1471, 93, 21, 10),
(1472, 93, 22, 13),
(1473, 93, 23, 15),
(1474, 93, 24, 16),
(1475, 93, 25, 20),
(1476, 93, 26, 26),
(1477, 93, 27, 31),
(1478, 93, 28, 33),
(1479, 93, 29, 37),
(1480, 93, 30, 40),
(1481, 93, 31, 47),
(1482, 93, 32, 49),
(1483, 93, 33, 54),
(1484, 93, 34, 57),
(1485, 93, 35, 61),
(1486, 94, 20, 6),
(1487, 94, 21, 9),
(1488, 94, 22, 13),
(1489, 94, 23, 14),
(1490, 94, 24, 17),
(1491, 94, 25, 21),
(1492, 94, 26, 22),
(1493, 94, 27, 27),
(1494, 94, 28, 34),
(1495, 94, 29, 36),
(1496, 94, 30, 40),
(1497, 94, 31, 43),
(1498, 94, 32, 51),
(1499, 94, 33, 55),
(1500, 94, 34, 57),
(1501, 94, 35, 62),
(1502, 95, 20, 5),
(1503, 95, 21, 9),
(1504, 95, 22, 13),
(1505, 95, 23, 14),
(1506, 95, 24, 17),
(1507, 95, 25, 20),
(1508, 95, 26, 24),
(1509, 95, 27, 31),
(1510, 95, 28, 35),
(1511, 95, 29, 38),
(1512, 95, 30, 42),
(1513, 95, 31, 43),
(1514, 95, 32, 49),
(1515, 95, 33, 53),
(1516, 95, 34, 57),
(1517, 95, 35, 63),
(1518, 96, 20, 6),
(1519, 96, 21, 9),
(1520, 96, 22, 12),
(1521, 96, 23, 14),
(1522, 96, 24, 16),
(1523, 96, 25, 19),
(1524, 96, 26, 22),
(1525, 96, 27, 30),
(1526, 96, 28, 32),
(1527, 96, 29, 37),
(1528, 96, 30, 42),
(1529, 96, 31, 43),
(1530, 96, 32, 49),
(1531, 96, 33, 52),
(1532, 96, 34, 58),
(1533, 96, 35, 62),
(1534, 97, 20, 6),
(1535, 97, 21, 9),
(1536, 97, 22, 12),
(1537, 97, 23, 14),
(1538, 97, 24, 18),
(1539, 97, 25, 20),
(1540, 97, 26, 22),
(1541, 97, 27, 29),
(1542, 97, 28, 32),
(1543, 97, 29, 39),
(1544, 97, 30, 41),
(1545, 97, 31, 45),
(1546, 97, 32, 48),
(1547, 97, 33, 52),
(1548, 97, 34, 57),
(1549, 97, 35, 62),
(1550, 98, 20, 5),
(1551, 98, 21, 10),
(1552, 98, 22, 13),
(1553, 98, 23, 14),
(1554, 98, 24, 17),
(1555, 98, 25, 21),
(1556, 98, 26, 22),
(1557, 98, 27, 30),
(1558, 98, 28, 32),
(1559, 98, 29, 39),
(1560, 98, 30, 41),
(1561, 98, 31, 45),
(1562, 98, 32, 48),
(1563, 98, 33, 53),
(1564, 98, 34, 56),
(1565, 98, 35, 62),
(1566, 99, 20, 7),
(1567, 99, 21, 9),
(1568, 99, 22, 13),
(1569, 99, 23, 14),
(1570, 99, 24, 17),
(1571, 99, 25, 21),
(1572, 99, 26, 26),
(1573, 99, 27, 31),
(1574, 99, 28, 34),
(1575, 99, 29, 38),
(1576, 99, 30, 41),
(1577, 99, 31, 46),
(1578, 99, 32, 50),
(1579, 99, 33, 54),
(1580, 99, 34, 56),
(1581, 99, 35, 63),
(1582, 100, 20, 4),
(1583, 100, 21, 11),
(1584, 100, 22, 12),
(1585, 100, 23, 15),
(1586, 100, 24, 17),
(1587, 100, 25, 19),
(1588, 100, 26, 22),
(1589, 100, 27, 30),
(1590, 100, 28, 32),
(1591, 100, 29, 39),
(1592, 100, 30, 40),
(1593, 100, 31, 44),
(1594, 100, 32, 48),
(1595, 100, 33, 53),
(1596, 100, 34, 56),
(1597, 100, 35, 62),
(1598, 101, 20, 6),
(1599, 101, 21, 11),
(1600, 101, 22, 12),
(1601, 101, 23, 14),
(1602, 101, 24, 17),
(1603, 101, 25, 21),
(1604, 101, 26, 22),
(1605, 101, 27, 31),
(1606, 101, 28, 33),
(1607, 101, 29, 37),
(1608, 101, 30, 41),
(1609, 101, 31, 43),
(1610, 101, 32, 48),
(1611, 101, 33, 54),
(1612, 101, 34, 59),
(1613, 101, 35, 60),
(1614, 102, 20, 6),
(1615, 102, 21, 11),
(1616, 102, 22, 13),
(1617, 102, 23, 14),
(1618, 102, 24, 16),
(1619, 102, 25, 21),
(1620, 102, 26, 25),
(1621, 102, 27, 29),
(1622, 102, 28, 34),
(1623, 102, 29, 36),
(1624, 102, 30, 42),
(1625, 102, 31, 46),
(1626, 102, 32, 50),
(1627, 102, 33, 55),
(1628, 102, 34, 57),
(1629, 102, 35, 60),
(1630, 103, 20, 6),
(1631, 103, 21, 10),
(1632, 103, 22, 12),
(1633, 103, 23, 15),
(1634, 103, 24, 17),
(1635, 103, 25, 20),
(1636, 103, 26, 25),
(1637, 103, 27, 31),
(1638, 103, 28, 35),
(1639, 103, 29, 37),
(1640, 103, 30, 42),
(1641, 103, 31, 43),
(1642, 103, 32, 51),
(1643, 103, 33, 55),
(1644, 103, 34, 56),
(1645, 103, 35, 61),
(1646, 104, 20, 7),
(1647, 104, 21, 11),
(1648, 104, 22, 12),
(1649, 104, 23, 15),
(1650, 104, 24, 18),
(1651, 104, 25, 19),
(1652, 104, 26, 23),
(1653, 104, 27, 28),
(1654, 104, 28, 33),
(1655, 104, 29, 36),
(1656, 104, 30, 40),
(1657, 104, 31, 47),
(1658, 104, 32, 48),
(1659, 104, 33, 53),
(1660, 104, 34, 56),
(1661, 104, 35, 62),
(1662, 105, 20, 4),
(1663, 105, 21, 10),
(1664, 105, 22, 13),
(1665, 105, 23, 15),
(1666, 105, 24, 18),
(1667, 105, 25, 20),
(1668, 105, 26, 24),
(1669, 105, 27, 30),
(1670, 105, 28, 34),
(1671, 105, 29, 37),
(1672, 105, 30, 42),
(1673, 105, 31, 46),
(1674, 105, 32, 49),
(1675, 105, 33, 55),
(1676, 105, 34, 56),
(1677, 105, 35, 63),
(1678, 106, 20, 8),
(1679, 106, 21, 10),
(1680, 106, 22, 13),
(1681, 106, 23, 15),
(1682, 106, 24, 18),
(1683, 106, 25, 19),
(1684, 106, 26, 26),
(1685, 106, 27, 28),
(1686, 106, 28, 34),
(1687, 106, 29, 39),
(1688, 106, 30, 40),
(1689, 106, 31, 46),
(1690, 106, 32, 49),
(1691, 106, 33, 52),
(1692, 106, 34, 57),
(1693, 106, 35, 61),
(1694, 107, 20, 6),
(1695, 107, 21, 11),
(1696, 107, 22, 13),
(1697, 107, 23, 14),
(1698, 107, 24, 16),
(1699, 107, 25, 20),
(1700, 107, 26, 22),
(1701, 107, 27, 31),
(1702, 107, 28, 35),
(1703, 107, 29, 39),
(1704, 107, 30, 41),
(1705, 107, 31, 43),
(1706, 107, 32, 51),
(1707, 107, 33, 54),
(1708, 107, 34, 56),
(1709, 107, 35, 62),
(1710, 108, 20, 4),
(1711, 108, 21, 9),
(1712, 108, 22, 12),
(1713, 108, 23, 15),
(1714, 108, 24, 16),
(1715, 108, 25, 19),
(1716, 108, 26, 22),
(1717, 108, 27, 31),
(1718, 108, 28, 35),
(1719, 108, 29, 36),
(1720, 108, 30, 41),
(1721, 108, 31, 44),
(1722, 108, 32, 49),
(1723, 108, 33, 54),
(1724, 108, 34, 58),
(1725, 108, 35, 63),
(1726, 109, 20, 6),
(1727, 109, 21, 10),
(1728, 109, 22, 12),
(1729, 109, 23, 15),
(1730, 109, 24, 18),
(1731, 109, 25, 19),
(1732, 109, 26, 24),
(1733, 109, 27, 31),
(1734, 109, 28, 32),
(1735, 109, 29, 36),
(1736, 109, 30, 40),
(1737, 109, 31, 43),
(1738, 109, 32, 50),
(1739, 109, 33, 52),
(1740, 109, 34, 59),
(1741, 109, 35, 62),
(1742, 110, 20, 5),
(1743, 110, 21, 9),
(1744, 110, 22, 13),
(1745, 110, 23, 15),
(1746, 110, 24, 16),
(1747, 110, 25, 21),
(1748, 110, 26, 24),
(1749, 110, 27, 27),
(1750, 110, 28, 32),
(1751, 110, 29, 39),
(1752, 110, 30, 40),
(1753, 110, 31, 44),
(1754, 110, 32, 50),
(1755, 110, 33, 55),
(1756, 110, 34, 56),
(1757, 110, 35, 60),
(1758, 111, 20, 6),
(1759, 111, 21, 10),
(1760, 111, 22, 13),
(1761, 111, 23, 14),
(1762, 111, 24, 18),
(1763, 111, 25, 20),
(1764, 111, 26, 23),
(1765, 111, 27, 31),
(1766, 111, 28, 33),
(1767, 111, 29, 37),
(1768, 111, 30, 40),
(1769, 111, 31, 43),
(1770, 111, 32, 50),
(1771, 111, 33, 55),
(1772, 111, 34, 58),
(1773, 111, 35, 63),
(1774, 112, 20, 8),
(1775, 112, 21, 10),
(1776, 112, 22, 13),
(1777, 112, 23, 14),
(1778, 112, 24, 16),
(1779, 112, 25, 21),
(1780, 112, 26, 22),
(1781, 112, 27, 27),
(1782, 112, 28, 35),
(1783, 112, 29, 37),
(1784, 112, 30, 41),
(1785, 112, 31, 45),
(1786, 112, 32, 49),
(1787, 112, 33, 54),
(1788, 112, 34, 58),
(1789, 112, 35, 63),
(1790, 113, 20, 4),
(1791, 113, 21, 10),
(1792, 113, 22, 12),
(1793, 113, 23, 15),
(1794, 113, 24, 18),
(1795, 113, 25, 20),
(1796, 113, 26, 26),
(1797, 113, 27, 28),
(1798, 113, 28, 32),
(1799, 113, 29, 39),
(1800, 113, 30, 41),
(1801, 113, 31, 46),
(1802, 113, 32, 51),
(1803, 113, 33, 52),
(1804, 113, 34, 58),
(1805, 113, 35, 62),
(1806, 114, 20, 6),
(1807, 114, 21, 9),
(1808, 114, 22, 13),
(1809, 114, 23, 15),
(1810, 114, 24, 16),
(1811, 114, 25, 21),
(1812, 114, 26, 25),
(1813, 114, 27, 27),
(1814, 114, 28, 33),
(1815, 114, 29, 37),
(1816, 114, 30, 41),
(1817, 114, 31, 45),
(1818, 114, 32, 48),
(1819, 114, 33, 53),
(1820, 114, 34, 57),
(1821, 114, 35, 60),
(1822, 115, 20, 7),
(1823, 115, 21, 10),
(1824, 115, 22, 12),
(1825, 115, 23, 15),
(1826, 115, 24, 16),
(1827, 115, 25, 21),
(1828, 115, 26, 22),
(1829, 115, 27, 27),
(1830, 115, 28, 35),
(1831, 115, 29, 38),
(1832, 115, 30, 42),
(1833, 115, 31, 46),
(1834, 115, 32, 50),
(1835, 115, 33, 54),
(1836, 115, 34, 57),
(1837, 115, 35, 60),
(1838, 116, 20, 8),
(1839, 116, 21, 9),
(1840, 116, 22, 13),
(1841, 116, 23, 14),
(1842, 116, 24, 16),
(1843, 116, 25, 20),
(1844, 116, 26, 23),
(1845, 116, 27, 28),
(1846, 116, 28, 34),
(1847, 116, 29, 39),
(1848, 116, 30, 42),
(1849, 116, 31, 46),
(1850, 116, 32, 48),
(1851, 116, 33, 52),
(1852, 116, 34, 59),
(1853, 116, 35, 63),
(1854, 117, 20, 7),
(1855, 117, 21, 9),
(1856, 117, 22, 13),
(1857, 117, 23, 15),
(1858, 117, 24, 18),
(1859, 117, 25, 21),
(1860, 117, 26, 26),
(1861, 117, 27, 31),
(1862, 117, 28, 33),
(1863, 117, 29, 38),
(1864, 117, 30, 41),
(1865, 117, 31, 47),
(1866, 117, 32, 48),
(1867, 117, 33, 55),
(1868, 117, 34, 56),
(1869, 117, 35, 60),
(1870, 118, 20, 4),
(1871, 118, 21, 11),
(1872, 118, 22, 12),
(1873, 118, 23, 14),
(1874, 118, 24, 16),
(1875, 118, 25, 20),
(1876, 118, 26, 24),
(1877, 118, 27, 31),
(1878, 118, 28, 33),
(1879, 118, 29, 37),
(1880, 118, 30, 41),
(1881, 118, 31, 45),
(1882, 118, 32, 50),
(1883, 118, 33, 54),
(1884, 118, 34, 57),
(1885, 118, 35, 60),
(1886, 119, 20, 7),
(1887, 119, 21, 9),
(1888, 119, 22, 13),
(1889, 119, 23, 15),
(1890, 119, 24, 18),
(1891, 119, 25, 21),
(1892, 119, 26, 24),
(1893, 119, 27, 27),
(1894, 119, 28, 34),
(1895, 119, 29, 36),
(1896, 119, 30, 40),
(1897, 119, 31, 46),
(1898, 119, 32, 51),
(1899, 119, 33, 52),
(1900, 119, 34, 59),
(1901, 119, 35, 63),
(1902, 120, 20, 7),
(1903, 120, 21, 11),
(1904, 120, 22, 12),
(1905, 120, 23, 15),
(1906, 120, 24, 17),
(1907, 120, 25, 20),
(1908, 120, 26, 26),
(1909, 120, 27, 30),
(1910, 120, 28, 35),
(1911, 120, 29, 38),
(1912, 120, 30, 40),
(1913, 120, 31, 45),
(1914, 120, 32, 48),
(1915, 120, 33, 54),
(1916, 120, 34, 58),
(1917, 120, 35, 62),
(1918, 121, 20, 8),
(1919, 121, 21, 10),
(1920, 121, 22, 12),
(1921, 121, 23, 15),
(1922, 121, 24, 17),
(1923, 121, 25, 21),
(1924, 121, 26, 26),
(1925, 121, 27, 31),
(1926, 121, 28, 35),
(1927, 121, 29, 39),
(1928, 121, 30, 42),
(1929, 121, 31, 46),
(1930, 121, 32, 51),
(1931, 121, 33, 53),
(1932, 121, 34, 58),
(1933, 121, 35, 63),
(1934, 122, 20, 6),
(1935, 122, 21, 11),
(1936, 122, 22, 13),
(1937, 122, 23, 15),
(1938, 122, 24, 17),
(1939, 122, 25, 20),
(1940, 122, 26, 24),
(1941, 122, 27, 28),
(1942, 122, 28, 32),
(1943, 122, 29, 38),
(1944, 122, 30, 42),
(1945, 122, 31, 44),
(1946, 122, 32, 49),
(1947, 122, 33, 53),
(1948, 122, 34, 59),
(1949, 122, 35, 61),
(1950, 123, 20, 8),
(1951, 123, 21, 9),
(1952, 123, 22, 12),
(1953, 123, 23, 14),
(1954, 123, 24, 16),
(1955, 123, 25, 21),
(1956, 123, 26, 23),
(1957, 123, 27, 30),
(1958, 123, 28, 35),
(1959, 123, 29, 39),
(1960, 123, 30, 41),
(1961, 123, 31, 47),
(1962, 123, 32, 49),
(1963, 123, 33, 52),
(1964, 123, 34, 58),
(1965, 123, 35, 63),
(1966, 124, 20, 8),
(1967, 124, 21, 10),
(1968, 124, 22, 13),
(1969, 124, 23, 14),
(1970, 124, 24, 18),
(1971, 124, 25, 19),
(1972, 124, 26, 25),
(1973, 124, 27, 27),
(1974, 124, 28, 35),
(1975, 124, 29, 37),
(1976, 124, 30, 40),
(1977, 124, 31, 44),
(1978, 124, 32, 50),
(1979, 124, 33, 53),
(1980, 124, 34, 58),
(1981, 124, 35, 62),
(1982, 125, 20, 6),
(1983, 125, 21, 10),
(1984, 125, 22, 13),
(1985, 125, 23, 15),
(1986, 125, 24, 17),
(1987, 125, 25, 19),
(1988, 125, 26, 23),
(1989, 125, 27, 29),
(1990, 125, 28, 32),
(1991, 125, 29, 39),
(1992, 125, 30, 41),
(1993, 125, 31, 45),
(1994, 125, 32, 51),
(1995, 125, 33, 55),
(1996, 125, 34, 57),
(1997, 125, 35, 63),
(1998, 126, 20, 5),
(1999, 126, 21, 11),
(2000, 126, 22, 12),
(2001, 126, 23, 14),
(2002, 126, 24, 16),
(2003, 126, 25, 21),
(2004, 126, 26, 23),
(2005, 126, 27, 31),
(2006, 126, 28, 33),
(2007, 126, 29, 38),
(2008, 126, 30, 40),
(2009, 126, 31, 47),
(2010, 126, 32, 51),
(2011, 126, 33, 54),
(2012, 126, 34, 58),
(2013, 126, 35, 61),
(2014, 127, 20, 5),
(2015, 127, 21, 10),
(2016, 127, 22, 12),
(2017, 127, 23, 15),
(2018, 127, 24, 18),
(2019, 127, 25, 19),
(2020, 127, 26, 23),
(2021, 127, 27, 31),
(2022, 127, 28, 32),
(2023, 127, 29, 38),
(2024, 127, 30, 41),
(2025, 127, 31, 43),
(2026, 127, 32, 50),
(2027, 127, 33, 55),
(2028, 127, 34, 59),
(2029, 127, 35, 60),
(2030, 128, 20, 7),
(2031, 128, 21, 9),
(2032, 128, 22, 12),
(2033, 128, 23, 15),
(2034, 128, 24, 16),
(2035, 128, 25, 21),
(2036, 128, 26, 25),
(2037, 128, 27, 29),
(2038, 128, 28, 33),
(2039, 128, 29, 39),
(2040, 128, 30, 41),
(2041, 128, 31, 45),
(2042, 128, 32, 50),
(2043, 128, 33, 52),
(2044, 128, 34, 59),
(2045, 128, 35, 63),
(2046, 129, 20, 6),
(2047, 129, 21, 11),
(2048, 129, 22, 13),
(2049, 129, 23, 14),
(2050, 129, 24, 16),
(2051, 129, 25, 19),
(2052, 129, 26, 22),
(2053, 129, 27, 28),
(2054, 129, 28, 34),
(2055, 129, 29, 38),
(2056, 129, 30, 41),
(2057, 129, 31, 44),
(2058, 129, 32, 49),
(2059, 129, 33, 53),
(2060, 129, 34, 57),
(2061, 129, 35, 60),
(2062, 130, 20, 6),
(2063, 130, 21, 11),
(2064, 130, 22, 13),
(2065, 130, 23, 15),
(2066, 130, 24, 17),
(2067, 130, 25, 21),
(2068, 130, 26, 26),
(2069, 130, 27, 31),
(2070, 130, 28, 34),
(2071, 130, 29, 37),
(2072, 130, 30, 40),
(2073, 130, 31, 43),
(2074, 130, 32, 49),
(2075, 130, 33, 52),
(2076, 130, 34, 56),
(2077, 130, 35, 63),
(2078, 131, 20, 4),
(2079, 131, 21, 11),
(2080, 131, 22, 12),
(2081, 131, 23, 14),
(2082, 131, 24, 18),
(2083, 131, 25, 19),
(2084, 131, 26, 25),
(2085, 131, 27, 29),
(2086, 131, 28, 35),
(2087, 131, 29, 36),
(2088, 131, 30, 42),
(2089, 131, 31, 43),
(2090, 131, 32, 49),
(2091, 131, 33, 52),
(2092, 131, 34, 57),
(2093, 131, 35, 63),
(2094, 132, 20, 7),
(2095, 132, 21, 9),
(2096, 132, 22, 12),
(2097, 132, 23, 14),
(2098, 132, 24, 16),
(2099, 132, 25, 20),
(2100, 132, 26, 22),
(2101, 132, 27, 30),
(2102, 132, 28, 34),
(2103, 132, 29, 37),
(2104, 132, 30, 42),
(2105, 132, 31, 43),
(2106, 132, 32, 50),
(2107, 132, 33, 55),
(2108, 132, 34, 56),
(2109, 132, 35, 62),
(2110, 133, 20, 7),
(2111, 133, 21, 10),
(2112, 133, 22, 12),
(2113, 133, 23, 14),
(2114, 133, 24, 18),
(2115, 133, 25, 21),
(2116, 133, 26, 26),
(2117, 133, 27, 29),
(2118, 133, 28, 35),
(2119, 133, 29, 38),
(2120, 133, 30, 42),
(2121, 133, 31, 44),
(2122, 133, 32, 50),
(2123, 133, 33, 52),
(2124, 133, 34, 56),
(2125, 133, 35, 61),
(2126, 134, 20, 5),
(2127, 134, 21, 10),
(2128, 134, 22, 13),
(2129, 134, 23, 14),
(2130, 134, 24, 18),
(2131, 134, 25, 21),
(2132, 134, 26, 22),
(2133, 134, 27, 29),
(2134, 134, 28, 32),
(2135, 134, 29, 39),
(2136, 134, 30, 41),
(2137, 134, 31, 45),
(2138, 134, 32, 51),
(2139, 134, 33, 55),
(2140, 134, 34, 57),
(2141, 134, 35, 62),
(2142, 135, 20, 4),
(2143, 135, 21, 10),
(2144, 135, 22, 13),
(2145, 135, 23, 15),
(2146, 135, 24, 16),
(2147, 135, 25, 21),
(2148, 135, 26, 24),
(2149, 135, 27, 27),
(2150, 135, 28, 33),
(2151, 135, 29, 36),
(2152, 135, 30, 40),
(2153, 135, 31, 43),
(2154, 135, 32, 48),
(2155, 135, 33, 53),
(2156, 135, 34, 57),
(2157, 135, 35, 62),
(2158, 136, 20, 7),
(2159, 136, 21, 9),
(2160, 136, 22, 13),
(2161, 136, 23, 14),
(2162, 136, 24, 18),
(2163, 136, 25, 19),
(2164, 136, 26, 26),
(2165, 136, 27, 31),
(2166, 136, 28, 35),
(2167, 136, 29, 38),
(2168, 136, 30, 41),
(2169, 136, 31, 47),
(2170, 136, 32, 49),
(2171, 136, 33, 54),
(2172, 136, 34, 57),
(2173, 136, 35, 61),
(2174, 137, 20, 4),
(2175, 137, 21, 10),
(2176, 137, 22, 12),
(2177, 137, 23, 14),
(2178, 137, 24, 16),
(2179, 137, 25, 21),
(2180, 137, 26, 23),
(2181, 137, 27, 29),
(2182, 137, 28, 35),
(2183, 137, 29, 38),
(2184, 137, 30, 41),
(2185, 137, 31, 43),
(2186, 137, 32, 51),
(2187, 137, 33, 55),
(2188, 137, 34, 58),
(2189, 137, 35, 62),
(2190, 138, 20, 4),
(2191, 138, 21, 11),
(2192, 138, 22, 12),
(2193, 138, 23, 15),
(2194, 138, 24, 18),
(2195, 138, 25, 21),
(2196, 138, 26, 25),
(2197, 138, 27, 30),
(2198, 138, 28, 33),
(2199, 138, 29, 36),
(2200, 138, 30, 41),
(2201, 138, 31, 47),
(2202, 138, 32, 51),
(2203, 138, 33, 52),
(2204, 138, 34, 57),
(2205, 138, 35, 63),
(2206, 139, 20, 6),
(2207, 139, 21, 10),
(2208, 139, 22, 12),
(2209, 139, 23, 15),
(2210, 139, 24, 17),
(2211, 139, 25, 20),
(2212, 139, 26, 26),
(2213, 139, 27, 28),
(2214, 139, 28, 35),
(2215, 139, 29, 37),
(2216, 139, 30, 41),
(2217, 139, 31, 47),
(2218, 139, 32, 49),
(2219, 139, 33, 53),
(2220, 139, 34, 58),
(2221, 139, 35, 61),
(2222, 140, 20, 4),
(2223, 140, 21, 10),
(2224, 140, 22, 12),
(2225, 140, 23, 15),
(2226, 140, 24, 17),
(2227, 140, 25, 19),
(2228, 140, 26, 24),
(2229, 140, 27, 27),
(2230, 140, 28, 32),
(2231, 140, 29, 36),
(2232, 140, 30, 42),
(2233, 140, 31, 47),
(2234, 140, 32, 48),
(2235, 140, 33, 52),
(2236, 140, 34, 59),
(2237, 140, 35, 62),
(2238, 141, 20, 8),
(2239, 141, 21, 11),
(2240, 141, 22, 12),
(2241, 141, 23, 14),
(2242, 141, 24, 17),
(2243, 141, 25, 19),
(2244, 141, 26, 25),
(2245, 141, 27, 28),
(2246, 141, 28, 34),
(2247, 141, 29, 36),
(2248, 141, 30, 40),
(2249, 141, 31, 47),
(2250, 141, 32, 50),
(2251, 141, 33, 55),
(2252, 141, 34, 57),
(2253, 141, 35, 62),
(2254, 142, 20, 6),
(2255, 142, 21, 11),
(2256, 142, 22, 12),
(2257, 142, 23, 14),
(2258, 142, 24, 18),
(2259, 142, 25, 21),
(2260, 142, 26, 22),
(2261, 142, 27, 31),
(2262, 142, 28, 35),
(2263, 142, 29, 36),
(2264, 142, 30, 42),
(2265, 142, 31, 43),
(2266, 142, 32, 49),
(2267, 142, 33, 55),
(2268, 142, 34, 58),
(2269, 142, 35, 60),
(2270, 143, 20, 7),
(2271, 143, 21, 10),
(2272, 143, 22, 12),
(2273, 143, 23, 14),
(2274, 143, 24, 18),
(2275, 143, 25, 19),
(2276, 143, 26, 24),
(2277, 143, 27, 28),
(2278, 143, 28, 32),
(2279, 143, 29, 39),
(2280, 143, 30, 40),
(2281, 143, 31, 46),
(2282, 143, 32, 50),
(2283, 143, 33, 54),
(2284, 143, 34, 57),
(2285, 143, 35, 60),
(2286, 144, 20, 5),
(2287, 144, 21, 10),
(2288, 144, 22, 12),
(2289, 144, 23, 14),
(2290, 144, 24, 16),
(2291, 144, 25, 20),
(2292, 144, 26, 22),
(2293, 144, 27, 27),
(2294, 144, 28, 33),
(2295, 144, 29, 39),
(2296, 144, 30, 40),
(2297, 144, 31, 46),
(2298, 144, 32, 50),
(2299, 144, 33, 54),
(2300, 144, 34, 59),
(2301, 144, 35, 61),
(2302, 145, 20, 5),
(2303, 145, 21, 9),
(2304, 145, 22, 13),
(2305, 145, 23, 14),
(2306, 145, 24, 16),
(2307, 145, 25, 19),
(2308, 145, 26, 24),
(2309, 145, 27, 29),
(2310, 145, 28, 35),
(2311, 145, 29, 38),
(2312, 145, 30, 40),
(2313, 145, 31, 45),
(2314, 145, 32, 49),
(2315, 145, 33, 54),
(2316, 145, 34, 57),
(2317, 145, 35, 62),
(2318, 146, 20, 4),
(2319, 146, 21, 10),
(2320, 146, 22, 13),
(2321, 146, 23, 14),
(2322, 146, 24, 18),
(2323, 146, 25, 21),
(2324, 146, 26, 24),
(2325, 146, 27, 29),
(2326, 146, 28, 35),
(2327, 146, 29, 38),
(2328, 146, 30, 40),
(2329, 146, 31, 45),
(2330, 146, 32, 49),
(2331, 146, 33, 55),
(2332, 146, 34, 56),
(2333, 146, 35, 63),
(2334, 147, 20, 4),
(2335, 147, 21, 10),
(2336, 147, 22, 13),
(2337, 147, 23, 14),
(2338, 147, 24, 18),
(2339, 147, 25, 20),
(2340, 147, 26, 25),
(2341, 147, 27, 29),
(2342, 147, 28, 32),
(2343, 147, 29, 39),
(2344, 147, 30, 42),
(2345, 147, 31, 45),
(2346, 147, 32, 49),
(2347, 147, 33, 53),
(2348, 147, 34, 56),
(2349, 147, 35, 61),
(2350, 148, 20, 4),
(2351, 148, 21, 9),
(2352, 148, 22, 13),
(2353, 148, 23, 14),
(2354, 148, 24, 18),
(2355, 148, 25, 20),
(2356, 148, 26, 24),
(2357, 148, 27, 30),
(2358, 148, 28, 32),
(2359, 148, 29, 38),
(2360, 148, 30, 40),
(2361, 148, 31, 45),
(2362, 148, 32, 49),
(2363, 148, 33, 53),
(2364, 148, 34, 57),
(2365, 148, 35, 61),
(2366, 149, 20, 8),
(2367, 149, 21, 9),
(2368, 149, 22, 13),
(2369, 149, 23, 15),
(2370, 149, 24, 18),
(2371, 149, 25, 19),
(2372, 149, 26, 22),
(2373, 149, 27, 31),
(2374, 149, 28, 32),
(2375, 149, 29, 39),
(2376, 149, 30, 40),
(2377, 149, 31, 45),
(2378, 149, 32, 49),
(2379, 149, 33, 53),
(2380, 149, 34, 56),
(2381, 149, 35, 61),
(2382, 150, 20, 6),
(2383, 150, 21, 11),
(2384, 150, 22, 12),
(2385, 150, 23, 14),
(2386, 150, 24, 16),
(2387, 150, 25, 21),
(2388, 150, 26, 23),
(2389, 150, 27, 28),
(2390, 150, 28, 33),
(2391, 150, 29, 38),
(2392, 150, 30, 42),
(2393, 150, 31, 46),
(2394, 150, 32, 51),
(2395, 150, 33, 52),
(2396, 150, 34, 56),
(2397, 150, 35, 63),
(2398, 151, 20, 5),
(2399, 151, 21, 11),
(2400, 151, 22, 13),
(2401, 151, 23, 14),
(2402, 151, 24, 16),
(2403, 151, 25, 20),
(2404, 151, 26, 26),
(2405, 151, 27, 28),
(2406, 151, 28, 34),
(2407, 151, 29, 36),
(2408, 151, 30, 42),
(2409, 151, 31, 47),
(2410, 151, 32, 50),
(2411, 151, 33, 55),
(2412, 151, 34, 57),
(2413, 151, 35, 60),
(2414, 152, 20, 7),
(2415, 152, 21, 11),
(2416, 152, 22, 13),
(2417, 152, 23, 15),
(2418, 152, 24, 17),
(2419, 152, 25, 21),
(2420, 152, 26, 22),
(2421, 152, 27, 31),
(2422, 152, 28, 33),
(2423, 152, 29, 39),
(2424, 152, 30, 42),
(2425, 152, 31, 44),
(2426, 152, 32, 51),
(2427, 152, 33, 55),
(2428, 152, 34, 57),
(2429, 152, 35, 61),
(2430, 153, 20, 7),
(2431, 153, 21, 11),
(2432, 153, 22, 12),
(2433, 153, 23, 15),
(2434, 153, 24, 17),
(2435, 153, 25, 19),
(2436, 153, 26, 22),
(2437, 153, 27, 27),
(2438, 153, 28, 33),
(2439, 153, 29, 39),
(2440, 153, 30, 40),
(2441, 153, 31, 43),
(2442, 153, 32, 50),
(2443, 153, 33, 53),
(2444, 153, 34, 57),
(2445, 153, 35, 61),
(2446, 154, 20, 5),
(2447, 154, 21, 9),
(2448, 154, 22, 12),
(2449, 154, 23, 15),
(2450, 154, 24, 18),
(2451, 154, 25, 20),
(2452, 154, 26, 26),
(2453, 154, 27, 29),
(2454, 154, 28, 32),
(2455, 154, 29, 38),
(2456, 154, 30, 42),
(2457, 154, 31, 43),
(2458, 154, 32, 50),
(2459, 154, 33, 52),
(2460, 154, 34, 57),
(2461, 154, 35, 60),
(2462, 155, 20, 5),
(2463, 155, 21, 10),
(2464, 155, 22, 13),
(2465, 155, 23, 15),
(2466, 155, 24, 16),
(2467, 155, 25, 20),
(2468, 155, 26, 24),
(2469, 155, 27, 29),
(2470, 155, 28, 35),
(2471, 155, 29, 36),
(2472, 155, 30, 42),
(2473, 155, 31, 45),
(2474, 155, 32, 48),
(2475, 155, 33, 53),
(2476, 155, 34, 58),
(2477, 155, 35, 62),
(2478, 155, 36, 67);

--
-- Dökümü yapılmış tablolar için indeksler
--

--
-- Tablo için indeksler `answers`
--
ALTER TABLE `answers`
  ADD PRIMARY KEY (`id`);

--
-- Tablo için indeksler `questions`
--
ALTER TABLE `questions`
  ADD PRIMARY KEY (`id`);

--
-- Tablo için indeksler `users`
--
ALTER TABLE `users`
  ADD PRIMARY KEY (`id`);

--
-- Tablo için indeksler `votes`
--
ALTER TABLE `votes`
  ADD PRIMARY KEY (`id`);

--
-- Dökümü yapılmış tablolar için AUTO_INCREMENT değeri
--

--
-- Tablo için AUTO_INCREMENT değeri `answers`
--
ALTER TABLE `answers`
  MODIFY `id` int(11) NOT NULL AUTO_INCREMENT, AUTO_INCREMENT=68;
--
-- Tablo için AUTO_INCREMENT değeri `questions`
--
ALTER TABLE `questions`
  MODIFY `id` int(11) NOT NULL AUTO_INCREMENT, AUTO_INCREMENT=37;
--
-- Tablo için AUTO_INCREMENT değeri `users`
--
ALTER TABLE `users`
  MODIFY `id` int(11) NOT NULL AUTO_INCREMENT, AUTO_INCREMENT=156;
--
-- Tablo için AUTO_INCREMENT değeri `votes`
--
ALTER TABLE `votes`
  MODIFY `id` int(11) NOT NULL AUTO_INCREMENT, AUTO_INCREMENT=2479;
/*!40101 SET CHARACTER_SET_CLIENT=@OLD_CHARACTER_SET_CLIENT */;
/*!40101 SET CHARACTER_SET_RESULTS=@OLD_CHARACTER_SET_RESULTS */;
/*!40101 SET COLLATION_CONNECTION=@OLD_COLLATION_CONNECTION */;
